"Date","Source","Site ID","POC","Daily Max 8-hour CO Concentration","Units","Daily AQI Value","Local Site Name","Daily Obs Count","Percent Complete","AQS Parameter Code","AQS Parameter Description","Method Code","CBSA Code","CBSA Name","State FIPS Code","State","County FIPS Code","County","Site Latitude","Site Longitude"
"01/05/2024","AQS","530330030","1","0.3","ppm","3","Seattle-10th & Weller","16","67.0000","42101","Carbon monoxide","593","42660","Seattle-Tacoma-Bellevue, WA","53","Washington","033","King","47.597222","-122.319722"
"01/06/2024","AQS","530330030","1","0.4","ppm","5","Seattle-10th & Weller","24","100.0000","42101","Carbon monoxide","593","42660","Seattle-Tacoma-Bellevue, WA","53","Washington","033","King","47.597222","-122.319722"
"01/07/2024","AQS","530330030","1","0.6","ppm","7","Seattle-10th & Weller","24","100.0000","42101","Carbon monoxide","593","42660","Seattle-Tacoma-Bellevue, WA","53","Washington","033","King","47.597222","-122.319722"
"01/08/2024","AQS","530330030","1","0.3","ppm","3","Seattle-10th & Weller","24","100.0000","42101","Carbon monoxide","593","42660","Seattle-Tacoma-Bellevue, WA","53","Washington","033","King","47.597222","-122.319722"
"01/09/2024","AQS","530330030","1","0.3","ppm","3","Seattle-10th & Weller","24","100.0000","42101","Carbon monoxide","593","42660","Seattle-Tacoma-Bellevue, WA","53","Washington","033","King","47.597222","-122.319722"
"01/10/2024","AQS","530330030","1","0.4","ppm","5","Seattle-10th & Weller","24","100.0000","42101","Carbon monoxide","593","42660","Seattle-Tacoma-Bellevue, WA","53","Washington","033","King","47.597222","-122.319722"
"01/11/2024","AQS","530330030","1","0.5","ppm","6","Seattle-10th & Weller","24","100.0000","42101","Carbon monoxide","593","42660","Seattle-Tacoma-Bellevue, WA","53","Washington","033","King","47.597222","-122.319722"
"01/12/2024","AQS","530330030","1","0.3","ppm","3","Seattle-10th & Weller","24","100.0000","42101","Carbon monoxide","593","42660","Seattle-Tacoma-Bellevue, WA","53","Washington","033","King","47.597222","-122.319722"
"01/13/2024","AQS","530330030","1","0.4","ppm","5","Seattle-10th & Weller","24","100.0000","42101","Carbon monoxide","593","42660","Seattle-Tacoma-Bellevue, WA","53","Washington","033","King","47.597222","-122.319722"
"01/14/2024","AQS","530330030","1","0.3","ppm","3","Seattle-10th & Weller","24","100.0000","42101","Carbon monoxide","593","42660","Seattle-Tacoma-Bellevue, WA","53","Washington","033","King","47.597222","-122.319722"
"01/15/2024","AQS","530330030","1","0.6","ppm","7","Seattle-10th & Weller","24","100.0000","42101","Carbon monoxide","593","42660","Seattle-Tacoma-Bellevue, WA","53","Washington","033","King","47.597222","-122.319722"
"01/16/2024","AQS","530330030","1","0.6","ppm","7","Seattle-10th & Weller","24","100.0000","42101","Carbon monoxide","593","42660","Seattle-Tacoma-Bellevue, WA","53","Washington","033","King","47.597222","-122.319722"
"01/17/2024","AQS","530330030","1","0.4","ppm","5","Seattle-10th & Weller","4","17.0000","42101","Carbon monoxide","593","42660","Seattle-Tacoma-Bellevue, WA","53","Washington","033","King","47.597222","-122.319722"
"03/25/2024","AQS","530330030","1","0.2","ppm","2","Seattle-10th & Weller","6","25.0000","42101","Carbon monoxide","593","42660","Seattle-Tacoma-Bellevue, WA","53","Washington","033","King","47.597222","-122.319722"
"03/26/2024","AQS","530330030","1","0.3","ppm","3","Seattle-10th & Weller","24","100.0000","42101","Carbon monoxide","593","42660","Seattle-Tacoma-Bellevue, WA","53","Washington","033","King","47.597222","-122.319722"
"03/27/2024","AQS","530330030","1","0.2","ppm","2","Seattle-10th & Weller","24","100.0000","42101","Carbon monoxide","593","42660","Seattle-Tacoma-Bellevue, WA","53","Washington","033","King","47.597222","-122.319722"
"03/28/2024","AQS","530330030","1","0.3","ppm","3","Seattle-10th & Weller","24","100.0000","42101","Carbon monoxide","593","42660","Seattle-Tacoma-Bellevue, WA","53","Washington","033","King","47.597222","-122.319722"
"03/29/2024","AQS","530330030","1","0.3","ppm","3","Seattle-10th & Weller","24","100.0000","42101","Carbon monoxide","593","42660","Seattle-Tacoma-Bellevue, WA","53","Washington","033","King","47.597222","-122.319722"
"03/30/2024","AQS","530330030","1","0.2","ppm","2","Seattle-10th & Weller","24","100.0000","42101","Carbon monoxide","593","42660","Seattle-Tacoma-Bellevue, WA","53","Washington","033","King","47.597222","-122.319722"
"03/31/2024","AQS","530330030","1","0.3","ppm","3","Seattle-10th & Weller","24","100.0000","42101","Carbon monoxide","593","42660","Seattle-Tacoma-Bellevue, WA","53","Washington","033","King","47.597222","-122.319722"
"04/01/2024","AQS","530330030","1","0.4","ppm","5","Seattle-10th & Weller","24","100.0000","42101","Carbon monoxide","593","42660","Seattle-Tacoma-Bellevue, WA","53","Washington","033","King","47.597222","-122.319722"
"04/02/2024","AQS","530330030","1","0.4","ppm","5","Seattle-10th & Weller","24","100.0000","42101","Carbon monoxide","593","42660","Seattle-Tacoma-Bellevue, WA","53","Washington","033","King","47.597222","-122.319722"
"04/03/2024","AQS","530330030","1","0.3","ppm","3","Seattle-10th & Weller","24","100.0000","42101","Carbon monoxide","593","42660","Seattle-Tacoma-Bellevue, WA","53","Washington","033","King","47.597222","-122.319722"
"04/04/2024","AQS","530330030","1","0.2","ppm","2","Seattle-10th & Weller","24","100.0000","42101","Carbon monoxide","593","42660","Seattle-Tacoma-Bellevue, WA","53","Washington","033","King","47.597222","-122.319722"
"04/05/2024","AQS","530330030","1","0.3","ppm","3","Seattle-10th & Weller","24","100.0000","42101","Carbon monoxide","593","42660","Seattle-Tacoma-Bellevue, WA","53","Washington","033","King","47.597222","-122.319722"
"04/06/2024","AQS","530330030","1","0.2","ppm","2","Seattle-10th & Weller","24","100.0000","42101","Carbon monoxide","593","42660","Seattle-Tacoma-Bellevue, WA","53","Washington","033","King","47.597222","-122.319722"
"04/07/2024","AQS","530330030","1","0.2","ppm","2","Seattle-10th & Weller","24","100.0000","42101","Carbon monoxide","593","42660","Seattle-Tacoma-Bellevue, WA","53","Washington","033","King","47.597222","-122.319722"
"04/08/2024","AQS","530330030","1","0.2","ppm","2","Seattle-10th & Weller","24","100.0000","42101","Carbon monoxide","593","42660","Seattle-Tacoma-Bellevue, WA","53","Washington","033","King","47.597222","-122.319722"
"04/09/2024","AQS","530330030","1","0.3","ppm","3","Seattle-10th & Weller","24","100.0000","42101","Carbon monoxide","593","42660","Seattle-Tacoma-Bellevue, WA","53","Washington","033","King","47.597222","-122.319722"
"04/10/2024","AQS","530330030","1","0.3","ppm","3","Seattle-10th & Weller","24","100.0000","42101","Carbon monoxide","593","42660","Seattle-Tacoma-Bellevue, WA","53","Washington","033","King","47.597222","-122.319722"
"04/11/2024","AQS","530330030","1","0.3","ppm","3","Seattle-10th & Weller","24","100.0000","42101","Carbon monoxide","593","42660","Seattle-Tacoma-Bellevue, WA","53","Washington","033","King","47.597222","-122.319722"
"04/12/2024","AQS","530330030","1","0.2","ppm","2","Seattle-10th & Weller","24","100.0000","42101","Carbon monoxide","593","42660","Seattle-Tacoma-Bellevue, WA","53","Washington","033","King","47.597222","-122.319722"
"04/13/2024","AQS","530330030","1","0.4","ppm","5","Seattle-10th & Weller","24","100.0000","42101","Carbon monoxide","593","42660","Seattle-Tacoma-Bellevue, WA","53","Washington","033","King","47.597222","-122.319722"
"04/14/2024","AQS","530330030","1","0.4","ppm","5","Seattle-10th & Weller","24","100.0000","42101","Carbon monoxide","593","42660","Seattle-Tacoma-Bellevue, WA","53","Washington","033","King","47.597222","-122.319722"
"04/15/2024","AQS","530330030","1","0.2","ppm","2","Seattle-10th & Weller","24","100.0000","42101","Carbon monoxide","593","42660","Seattle-Tacoma-Bellevue, WA","53","Washington","033","King","47.597222","-122.319722"
"04/16/2024","AQS","530330030","1","0.3","ppm","3","Seattle-10th & Weller","24","100.0000","42101","Carbon monoxide","593","42660","Seattle-Tacoma-Bellevue, WA","53","Washington","033","King","47.597222","-122.319722"
"04/17/2024","AQS","530330030","1","0.3","ppm","3","Seattle-10th & Weller","24","100.0000","42101","Carbon monoxide","593","42660","Seattle-Tacoma-Bellevue, WA","53","Washington","033","King","47.597222","-122.319722"
"04/18/2024","AQS","530330030","1","0.2","ppm","2","Seattle-10th & Weller","24","100.0000","42101","Carbon monoxide","593","42660","Seattle-Tacoma-Bellevue, WA","53","Washington","033","King","47.597222","-122.319722"
"04/19/2024","AQS","530330030","1","0.2","ppm","2","Seattle-10th & Weller","24","100.0000","42101","Carbon monoxide","593","42660","Seattle-Tacoma-Bellevue, WA","53","Washington","033","King","47.597222","-122.319722"
"04/20/2024","AQS","530330030","1","0.4","ppm","5","Seattle-10th & Weller","24","100.0000","42101","Carbon monoxide","593","42660","Seattle-Tacoma-Bellevue, WA","53","Washington","033","King","47.597222","-122.319722"
"04/21/2024","AQS","530330030","1","0.2","ppm","2","Seattle-10th & Weller","24","100.0000","42101","Carbon monoxide","593","42660","Seattle-Tacoma-Bellevue, WA","53","Washington","033","King","47.597222","-122.319722"
"04/22/2024","AQS","530330030","1","0.3","ppm","3","Seattle-10th & Weller","24","100.0000","42101","Carbon monoxide","593","42660","Seattle-Tacoma-Bellevue, WA","53","Washington","033","King","47.597222","-122.319722"
"04/23/2024","AQS","530330030","1","0.3","ppm","3","Seattle-10th & Weller","24","100.0000","42101","Carbon monoxide","593","42660","Seattle-Tacoma-Bellevue, WA","53","Washington","033","King","47.597222","-122.319722"
"04/24/2024","AQS","530330030","1","0.2","ppm","2","Seattle-10th & Weller","24","100.0000","42101","Carbon monoxide","593","42660","Seattle-Tacoma-Bellevue, WA","53","Washington","033","King","47.597222","-122.319722"
"04/25/2024","AQS","530330030","1","0.2","ppm","2","Seattle-10th & Weller","24","100.0000","42101","Carbon monoxide","593","42660","Seattle-Tacoma-Bellevue, WA","53","Washington","033","King","47.597222","-122.319722"
"04/26/2024","AQS","530330030","1","0.3","ppm","3","Seattle-10th & Weller","24","100.0000","42101","Carbon monoxide","593","42660","Seattle-Tacoma-Bellevue, WA","53","Washington","033","King","47.597222","-122.319722"
"04/27/2024","AQS","530330030","1","0.2","ppm","2","Seattle-10th & Weller","24","100.0000","42101","Carbon monoxide","593","42660","Seattle-Tacoma-Bellevue, WA","53","Washington","033","King","47.597222","-122.319722"
"04/28/2024","AQS","530330030","1","0.2","ppm","2","Seattle-10th & Weller","24","100.0000","42101","Carbon monoxide","593","42660","Seattle-Tacoma-Bellevue, WA","53","Washington","033","King","47.597222","-122.319722"
"04/29/2024","AQS","530330030","1","0.3","ppm","3","Seattle-10th & Weller","24","100.0000","42101","Carbon monoxide","593","42660","Seattle-Tacoma-Bellevue, WA","53","Washington","033","King","47.597222","-122.319722"
"04/30/2024","AQS","530330030","1","0.2","ppm","2","Seattle-10th & Weller","24","100.0000","42101","Carbon monoxide","593","42660","Seattle-Tacoma-Bellevue, WA","53","Washington","033","King","47.597222","-122.319722"
"05/01/2024","AQS","530330030","1","0.3","ppm","3","Seattle-10th & Weller","24","100.0000","42101","Carbon monoxide","593","42660","Seattle-Tacoma-Bellevue, WA","53","Washington","033","King","47.597222","-122.319722"
"05/02/2024","AQS","530330030","1","0.3","ppm","3","Seattle-10th & Weller","24","100.0000","42101","Carbon monoxide","593","42660","Seattle-Tacoma-Bellevue, WA","53","Washington","033","King","47.597222","-122.319722"
"05/03/2024","AQS","530330030","1","0.3","ppm","3","Seattle-10th & Weller","24","100.0000","42101","Carbon monoxide","593","42660","Seattle-Tacoma-Bellevue, WA","53","Washington","033","King","47.597222","-122.319722"
"05/04/2024","AQS","530330030","1","0.3","ppm","3","Seattle-10th & Weller","24","100.0000","42101","Carbon monoxide","593","42660","Seattle-Tacoma-Bellevue, WA","53","Washington","033","King","47.597222","-122.319722"
"05/05/2024","AQS","530330030","1","0.2","ppm","2","Seattle-10th & Weller","24","100.0000","42101","Carbon monoxide","593","42660","Seattle-Tacoma-Bellevue, WA","53","Washington","033","King","47.597222","-122.319722"
"05/06/2024","AQS","530330030","1","0.2","ppm","2","Seattle-10th & Weller","24","100.0000","42101","Carbon monoxide","593","42660","Seattle-Tacoma-Bellevue, WA","53","Washington","033","King","47.597222","-122.319722"
"05/07/2024","AQS","530330030","1","0.3","ppm","3","Seattle-10th & Weller","24","100.0000","42101","Carbon monoxide","593","42660","Seattle-Tacoma-Bellevue, WA","53","Washington","033","King","47.597222","-122.319722"
"05/08/2024","AQS","530330030","1","0.3","ppm","3","Seattle-10th & Weller","24","100.0000","42101","Carbon monoxide","593","42660","Seattle-Tacoma-Bellevue, WA","53","Washington","033","King","47.597222","-122.319722"
"05/09/2024","AQS","530330030","1","0.2","ppm","2","Seattle-10th & Weller","24","100.0000","42101","Carbon monoxide","593","42660","Seattle-Tacoma-Bellevue, WA","53","Washington","033","King","47.597222","-122.319722"
"05/10/2024","AQS","530330030","1","0.4","ppm","5","Seattle-10th & Weller","24","100.0000","42101","Carbon monoxide","593","42660","Seattle-Tacoma-Bellevue, WA","53","Washington","033","King","47.597222","-122.319722"
"05/11/2024","AQS","530330030","1","0.5","ppm","6","Seattle-10th & Weller","24","100.0000","42101","Carbon monoxide","593","42660","Seattle-Tacoma-Bellevue, WA","53","Washington","033","King","47.597222","-122.319722"
"05/12/2024","AQS","530330030","1","0.2","ppm","2","Seattle-10th & Weller","24","100.0000","42101","Carbon monoxide","593","42660","Seattle-Tacoma-Bellevue, WA","53","Washington","033","King","47.597222","-122.319722"
"05/13/2024","AQS","530330030","1","0.3","ppm","3","Seattle-10th & Weller","24","100.0000","42101","Carbon monoxide","593","42660","Seattle-Tacoma-Bellevue, WA","53","Washington","033","King","47.597222","-122.319722"
"05/14/2024","AQS","530330030","1","0.2","ppm","2","Seattle-10th & Weller","24","100.0000","42101","Carbon monoxide","593","42660","Seattle-Tacoma-Bellevue, WA","53","Washington","033","King","47.597222","-122.319722"
"05/15/2024","AQS","530330030","1","0.3","ppm","3","Seattle-10th & Weller","24","100.0000","42101","Carbon monoxide","593","42660","Seattle-Tacoma-Bellevue, WA","53","Washington","033","King","47.597222","-122.319722"
"05/16/2024","AQS","530330030","1","0.2","ppm","2","Seattle-10th & Weller","24","100.0000","42101","Carbon monoxide","593","42660","Seattle-Tacoma-Bellevue, WA","53","Washington","033","King","47.597222","-122.319722"
"05/17/2024","AQS","530330030","1","0.3","ppm","3","Seattle-10th & Weller","24","100.0000","42101","Carbon monoxide","593","42660","Seattle-Tacoma-Bellevue, WA","53","Washington","033","King","47.597222","-122.319722"
"05/18/2024","AQS","530330030","1","0.2","ppm","2","Seattle-10th & Weller","24","100.0000","42101","Carbon monoxide","593","42660","Seattle-Tacoma-Bellevue, WA","53","Washington","033","King","47.597222","-122.319722"
"05/19/2024","AQS","530330030","1","0.3","ppm","3","Seattle-10th & Weller","24","100.0000","42101","Carbon monoxide","593","42660","Seattle-Tacoma-Bellevue, WA","53","Washington","033","King","47.597222","-122.319722"
"05/20/2024","AQS","530330030","1","0.3","ppm","3","Seattle-10th & Weller","24","100.0000","42101","Carbon monoxide","593","42660","Seattle-Tacoma-Bellevue, WA","53","Washington","033","King","47.597222","-122.319722"
"05/21/2024","AQS","530330030","1","0.2","ppm","2","Seattle-10th & Weller","24","100.0000","42101","Carbon monoxide","593","42660","Seattle-Tacoma-Bellevue, WA","53","Washington","033","King","47.597222","-122.319722"
"05/22/2024","AQS","530330030","1","0.3","ppm","3","Seattle-10th & Weller","24","100.0000","42101","Carbon monoxide","593","42660","Seattle-Tacoma-Bellevue, WA","53","Washington","033","King","47.597222","-122.319722"
"05/23/2024","AQS","530330030","1","0.2","ppm","2","Seattle-10th & Weller","24","100.0000","42101","Carbon monoxide","593","42660","Seattle-Tacoma-Bellevue, WA","53","Washington","033","King","47.597222","-122.319722"
"05/24/2024","AQS","530330030","1","0.3","ppm","3","Seattle-10th & Weller","24","100.0000","42101","Carbon monoxide","593","42660","Seattle-Tacoma-Bellevue, WA","53","Washington","033","King","47.597222","-122.319722"
"05/25/2024","AQS","530330030","1","0.2","ppm","2","Seattle-10th & Weller","24","100.0000","42101","Carbon monoxide","593","42660","Seattle-Tacoma-Bellevue, WA","53","Washington","033","King","47.597222","-122.319722"
"05/26/2024","AQS","530330030","1","0.2","ppm","2","Seattle-10th & Weller","24","100.0000","42101","Carbon monoxide","593","42660","Seattle-Tacoma-Bellevue, WA","53","Washington","033","King","47.597222","-122.319722"
"05/27/2024","AQS","530330030","1","0.3","ppm","3","Seattle-10th & Weller","24","100.0000","42101","Carbon monoxide","593","42660","Seattle-Tacoma-Bellevue, WA","53","Washington","033","King","47.597222","-122.319722"
"05/28/2024","AQS","530330030","1","0.2","ppm","2","Seattle-10th & Weller","24","100.0000","42101","Carbon monoxide","593","42660","Seattle-Tacoma-Bellevue, WA","53","Washington","033","King","47.597222","-122.319722"
"05/29/2024","AQS","530330030","1","0.2","ppm","2","Seattle-10th & Weller","24","100.0000","42101","Carbon monoxide","593","42660","Seattle-Tacoma-Bellevue, WA","53","Washington","033","King","47.597222","-122.319722"
"05/30/2024","AQS","530330030","1","0.2","ppm","2","Seattle-10th & Weller","24","100.0000","42101","Carbon monoxide","593","42660","Seattle-Tacoma-Bellevue, WA","53","Washington","033","King","47.597222","-122.319722"
"05/31/2024","AQS","530330030","1","0.3","ppm","3","Seattle-10th & Weller","24","100.0000","42101","Carbon monoxide","593","42660","Seattle-Tacoma-Bellevue, WA","53","Washington","033","King","47.597222","-122.319722"
"06/01/2024","AQS","530330030","1","0.2","ppm","2","Seattle-10th & Weller","24","100.0000","42101","Carbon monoxide","593","42660","Seattle-Tacoma-Bellevue, WA","53","Washington","033","King","47.597222","-122.319722"
"06/02/2024","AQS","530330030","1","0.2","ppm","2","Seattle-10th & Weller","24","100.0000","42101","Carbon monoxide","593","42660","Seattle-Tacoma-Bellevue, WA","53","Washington","033","King","47.597222","-122.319722"
"06/03/2024","AQS","530330030","1","0.2","ppm","2","Seattle-10th & Weller","24","100.0000","42101","Carbon monoxide","593","42660","Seattle-Tacoma-Bellevue, WA","53","Washington","033","King","47.597222","-122.319722"
"06/04/2024","AQS","530330030","1","0.2","ppm","2","Seattle-10th & Weller","24","100.0000","42101","Carbon monoxide","593","42660","Seattle-Tacoma-Bellevue, WA","53","Washington","033","King","47.597222","-122.319722"
"06/05/2024","AQS","530330030","1","0.3","ppm","3","Seattle-10th & Weller","24","100.0000","42101","Carbon monoxide","593","42660","Seattle-Tacoma-Bellevue, WA","53","Washington","033","King","47.597222","-122.319722"
"06/06/2024","AQS","530330030","1","0.2","ppm","2","Seattle-10th & Weller","24","100.0000","42101","Carbon monoxide","593","42660","Seattle-Tacoma-Bellevue, WA","53","Washington","033","King","47.597222","-122.319722"
"06/07/2024","AQS","530330030","1","0.3","ppm","3","Seattle-10th & Weller","24","100.0000","42101","Carbon monoxide","593","42660","Seattle-Tacoma-Bellevue, WA","53","Washington","033","King","47.597222","-122.319722"
"06/08/2024","AQS","530330030","1","0.4","ppm","5","Seattle-10th & Weller","24","100.0000","42101","Carbon monoxide","593","42660","Seattle-Tacoma-Bellevue, WA","53","Washington","033","King","47.597222","-122.319722"
"06/09/2024","AQS","530330030","1","0.3","ppm","3","Seattle-10th & Weller","24","100.0000","42101","Carbon monoxide","593","42660","Seattle-Tacoma-Bellevue, WA","53","Washington","033","King","47.597222","-122.319722"
"06/10/2024","AQS","530330030","1","0.3","ppm","3","Seattle-10th & Weller","24","100.0000","42101","Carbon monoxide","593","42660","Seattle-Tacoma-Bellevue, WA","53","Washington","033","King","47.597222","-122.319722"
"06/11/2024","AQS","530330030","1","0.3","ppm","3","Seattle-10th & Weller","24","100.0000","42101","Carbon monoxide","593","42660","Seattle-Tacoma-Bellevue, WA","53","Washington","033","King","47.597222","-122.319722"
"06/12/2024","AQS","530330030","1","0.2","ppm","2","Seattle-10th & Weller","24","100.0000","42101","Carbon monoxide","593","42660","Seattle-Tacoma-Bellevue, WA","53","Washington","033","King","47.597222","-122.319722"
"06/13/2024","AQS","530330030","1","0.2","ppm","2","Seattle-10th & Weller","24","100.0000","42101","Carbon monoxide","593","42660","Seattle-Tacoma-Bellevue, WA","53","Washington","033","King","47.597222","-122.319722"
"06/14/2024","AQS","530330030","1","0.2","ppm","2","Seattle-10th & Weller","24","100.0000","42101","Carbon monoxide","593","42660","Seattle-Tacoma-Bellevue, WA","53","Washington","033","King","47.597222","-122.319722"
"06/15/2024","AQS","530330030","1","0.2","ppm","2","Seattle-10th & Weller","24","100.0000","42101","Carbon monoxide","593","42660","Seattle-Tacoma-Bellevue, WA","53","Washington","033","King","47.597222","-122.319722"
"06/16/2024","AQS","530330030","1","0.2","ppm","2","Seattle-10th & Weller","24","100.0000","42101","Carbon monoxide","593","42660","Seattle-Tacoma-Bellevue, WA","53","Washington","033","King","47.597222","-122.319722"
"06/17/2024","AQS","530330030","1","0.3","ppm","3","Seattle-10th & Weller","24","100.0000","42101","Carbon monoxide","593","42660","Seattle-Tacoma-Bellevue, WA","53","Washington","033","King","47.597222","-122.319722"
"06/18/2024","AQS","530330030","1","0.3","ppm","3","Seattle-10th & Weller","24","100.0000","42101","Carbon monoxide","593","42660","Seattle-Tacoma-Bellevue, WA","53","Washington","033","King","47.597222","-122.319722"
"06/19/2024","AQS","530330030","1","0.2","ppm","2","Seattle-10th & Weller","24","100.0000","42101","Carbon monoxide","593","42660","Seattle-Tacoma-Bellevue, WA","53","Washington","033","King","47.597222","-122.319722"
"06/20/2024","AQS","530330030","1","0.2","ppm","2","Seattle-10th & Weller","24","100.0000","42101","Carbon monoxide","593","42660","Seattle-Tacoma-Bellevue, WA","53","Washington","033","King","47.597222","-122.319722"
"06/21/2024","AQS","530330030","1","0.3","ppm","3","Seattle-10th & Weller","24","100.0000","42101","Carbon monoxide","593","42660","Seattle-Tacoma-Bellevue, WA","53","Washington","033","King","47.597222","-122.319722"
"06/22/2024","AQS","530330030","1","0.3","ppm","3","Seattle-10th & Weller","24","100.0000","42101","Carbon monoxide","593","42660","Seattle-Tacoma-Bellevue, WA","53","Washington","033","King","47.597222","-122.319722"
"06/23/2024","AQS","530330030","1","0.2","ppm","2","Seattle-10th & Weller","24","100.0000","42101","Carbon monoxide","593","42660","Seattle-Tacoma-Bellevue, WA","53","Washington","033","King","47.597222","-122.319722"
"06/24/2024","AQS","530330030","1","0.3","ppm","3","Seattle-10th & Weller","24","100.0000","42101","Carbon monoxide","593","42660","Seattle-Tacoma-Bellevue, WA","53","Washington","033","King","47.597222","-122.319722"
"06/25/2024","AQS","530330030","1","0.3","ppm","3","Seattle-10th & Weller","24","100.0000","42101","Carbon monoxide","593","42660","Seattle-Tacoma-Bellevue, WA","53","Washington","033","King","47.597222","-122.319722"
"06/26/2024","AQS","530330030","1","0.2","ppm","2","Seattle-10th & Weller","24","100.0000","42101","Carbon monoxide","593","42660","Seattle-Tacoma-Bellevue, WA","53","Washington","033","King","47.597222","-122.319722"
"06/27/2024","AQS","530330030","1","0.2","ppm","2","Seattle-10th & Weller","24","100.0000","42101","Carbon monoxide","593","42660","Seattle-Tacoma-Bellevue, WA","53","Washington","033","King","47.597222","-122.319722"
"06/28/2024","AQS","530330030","1","0","ppm","0","Seattle-10th & Weller","4","17.0000","42101","Carbon monoxide","593","42660","Seattle-Tacoma-Bellevue, WA","53","Washington","033","King","47.597222","-122.319722"
"07/01/2024","AQS","530330030","1","0.3","ppm","3","Seattle-10th & Weller","13","54.0000","42101","Carbon monoxide","593","42660","Seattle-Tacoma-Bellevue, WA","53","Washington","033","King","47.597222","-122.319722"
"07/02/2024","AQS","530330030","1","0.3","ppm","3","Seattle-10th & Weller","24","100.0000","42101","Carbon monoxide","593","42660","Seattle-Tacoma-Bellevue, WA","53","Washington","033","King","47.597222","-122.319722"
"07/03/2024","AQS","530330030","1","0.2","ppm","2","Seattle-10th & Weller","24","100.0000","42101","Carbon monoxide","593","42660","Seattle-Tacoma-Bellevue, WA","53","Washington","033","King","47.597222","-122.319722"
"07/04/2024","AQS","530330030","1","0.3","ppm","3","Seattle-10th & Weller","24","100.0000","42101","Carbon monoxide","593","42660","Seattle-Tacoma-Bellevue, WA","53","Washington","033","King","47.597222","-122.319722"
"07/05/2024","AQS","530330030","1","0.3","ppm","3","Seattle-10th & Weller","24","100.0000","42101","Carbon monoxide","593","42660","Seattle-Tacoma-Bellevue, WA","53","Washington","033","King","47.597222","-122.319722"
"07/06/2024","AQS","530330030","1","0.4","ppm","5","Seattle-10th & Weller","24","100.0000","42101","Carbon monoxide","593","42660","Seattle-Tacoma-Bellevue, WA","53","Washington","033","King","47.597222","-122.319722"
"07/07/2024","AQS","530330030","1","0.5","ppm","6","Seattle-10th & Weller","24","100.0000","42101","Carbon monoxide","593","42660","Seattle-Tacoma-Bellevue, WA","53","Washington","033","King","47.597222","-122.319722"
"07/08/2024","AQS","530330030","1","0.4","ppm","5","Seattle-10th & Weller","24","100.0000","42101","Carbon monoxide","593","42660","Seattle-Tacoma-Bellevue, WA","53","Washington","033","King","47.597222","-122.319722"
"07/09/2024","AQS","530330030","1","0.3","ppm","3","Seattle-10th & Weller","24","100.0000","42101","Carbon monoxide","593","42660","Seattle-Tacoma-Bellevue, WA","53","Washington","033","King","47.597222","-122.319722"
"07/10/2024","AQS","530330030","1","0.3","ppm","3","Seattle-10th & Weller","24","100.0000","42101","Carbon monoxide","593","42660","Seattle-Tacoma-Bellevue, WA","53","Washington","033","King","47.597222","-122.319722"
"07/11/2024","AQS","530330030","1","0.2","ppm","2","Seattle-10th & Weller","24","100.0000","42101","Carbon monoxide","593","42660","Seattle-Tacoma-Bellevue, WA","53","Washington","033","King","47.597222","-122.319722"
"07/12/2024","AQS","530330030","1","0.3","ppm","3","Seattle-10th & Weller","24","100.0000","42101","Carbon monoxide","593","42660","Seattle-Tacoma-Bellevue, WA","53","Washington","033","King","47.597222","-122.319722"
"07/13/2024","AQS","530330030","1","0.3","ppm","3","Seattle-10th & Weller","24","100.0000","42101","Carbon monoxide","593","42660","Seattle-Tacoma-Bellevue, WA","53","Washington","033","King","47.597222","-122.319722"
"07/14/2024","AQS","530330030","1","0.3","ppm","3","Seattle-10th & Weller","24","100.0000","42101","Carbon monoxide","593","42660","Seattle-Tacoma-Bellevue, WA","53","Washington","033","King","47.597222","-122.319722"
"07/15/2024","AQS","530330030","1","0.3","ppm","3","Seattle-10th & Weller","24","100.0000","42101","Carbon monoxide","593","42660","Seattle-Tacoma-Bellevue, WA","53","Washington","033","King","47.597222","-122.319722"
"07/16/2024","AQS","530330030","1","0.3","ppm","3","Seattle-10th & Weller","24","100.0000","42101","Carbon monoxide","593","42660","Seattle-Tacoma-Bellevue, WA","53","Washington","033","King","47.597222","-122.319722"
"07/17/2024","AQS","530330030","1","0.3","ppm","3","Seattle-10th & Weller","24","100.0000","42101","Carbon monoxide","593","42660","Seattle-Tacoma-Bellevue, WA","53","Washington","033","King","47.597222","-122.319722"
"07/18/2024","AQS","530330030","1","0.2","ppm","2","Seattle-10th & Weller","24","100.0000","42101","Carbon monoxide","593","42660","Seattle-Tacoma-Bellevue, WA","53","Washington","033","King","47.597222","-122.319722"
"07/19/2024","AQS","530330030","1","0.2","ppm","2","Seattle-10th & Weller","24","100.0000","42101","Carbon monoxide","593","42660","Seattle-Tacoma-Bellevue, WA","53","Washington","033","King","47.597222","-122.319722"
"07/20/2024","AQS","530330030","1","0.2","ppm","2","Seattle-10th & Weller","24","100.0000","42101","Carbon monoxide","593","42660","Seattle-Tacoma-Bellevue, WA","53","Washington","033","King","47.597222","-122.319722"
"07/21/2024","AQS","530330030","1","0.3","ppm","3","Seattle-10th & Weller","24","100.0000","42101","Carbon monoxide","593","42660","Seattle-Tacoma-Bellevue, WA","53","Washington","033","King","47.597222","-122.319722"
"07/22/2024","AQS","530330030","1","0.2","ppm","2","Seattle-10th & Weller","18","75.0000","42101","Carbon monoxide","593","42660","Seattle-Tacoma-Bellevue, WA","53","Washington","033","King","47.597222","-122.319722"
"07/23/2024","AQS","530330030","1","0.2","ppm","2","Seattle-10th & Weller","24","100.0000","42101","Carbon monoxide","593","42660","Seattle-Tacoma-Bellevue, WA","53","Washington","033","King","47.597222","-122.319722"
"07/24/2024","AQS","530330030","1","0.2","ppm","2","Seattle-10th & Weller","24","100.0000","42101","Carbon monoxide","593","42660","Seattle-Tacoma-Bellevue, WA","53","Washington","033","King","47.597222","-122.319722"
"07/25/2024","AQS","530330030","1","0.2","ppm","2","Seattle-10th & Weller","24","100.0000","42101","Carbon monoxide","593","42660","Seattle-Tacoma-Bellevue, WA","53","Washington","033","King","47.597222","-122.319722"
"07/26/2024","AQS","530330030","1","0.1","ppm","1","Seattle-10th & Weller","14","58.0000","42101","Carbon monoxide","593","42660","Seattle-Tacoma-Bellevue, WA","53","Washington","033","King","47.597222","-122.319722"
"07/29/2024","AQS","530330030","1","0.1","ppm","1","Seattle-10th & Weller","7","29.0000","42101","Carbon monoxide","593","42660","Seattle-Tacoma-Bellevue, WA","53","Washington","033","King","47.597222","-122.319722"
"07/30/2024","AQS","530330030","1","0.2","ppm","2","Seattle-10th & Weller","24","100.0000","42101","Carbon monoxide","593","42660","Seattle-Tacoma-Bellevue, WA","53","Washington","033","King","47.597222","-122.319722"
"07/31/2024","AQS","530330030","1","0.3","ppm","3","Seattle-10th & Weller","24","100.0000","42101","Carbon monoxide","593","42660","Seattle-Tacoma-Bellevue, WA","53","Washington","033","King","47.597222","-122.319722"
"08/01/2024","AQS","530330030","1","0.3","ppm","3","Seattle-10th & Weller","24","100.0000","42101","Carbon monoxide","593","42660","Seattle-Tacoma-Bellevue, WA","53","Washington","033","King","47.597222","-122.319722"
"08/02/2024","AQS","530330030","1","0.3","ppm","3","Seattle-10th & Weller","24","100.0000","42101","Carbon monoxide","593","42660","Seattle-Tacoma-Bellevue, WA","53","Washington","033","King","47.597222","-122.319722"
"08/03/2024","AQS","530330030","1","0.4","ppm","5","Seattle-10th & Weller","24","100.0000","42101","Carbon monoxide","593","42660","Seattle-Tacoma-Bellevue, WA","53","Washington","033","King","47.597222","-122.319722"
"08/04/2024","AQS","530330030","1","0.4","ppm","5","Seattle-10th & Weller","24","100.0000","42101","Carbon monoxide","593","42660","Seattle-Tacoma-Bellevue, WA","53","Washington","033","King","47.597222","-122.319722"
"08/05/2024","AQS","530330030","1","0.3","ppm","3","Seattle-10th & Weller","24","100.0000","42101","Carbon monoxide","593","42660","Seattle-Tacoma-Bellevue, WA","53","Washington","033","King","47.597222","-122.319722"
"08/06/2024","AQS","530330030","1","0.3","ppm","3","Seattle-10th & Weller","24","100.0000","42101","Carbon monoxide","593","42660","Seattle-Tacoma-Bellevue, WA","53","Washington","033","King","47.597222","-122.319722"
"08/07/2024","AQS","530330030","1","0.3","ppm","3","Seattle-10th & Weller","4","17.0000","42101","Carbon monoxide","593","42660","Seattle-Tacoma-Bellevue, WA","53","Washington","033","King","47.597222","-122.319722"
"08/11/2024","AQS","530330030","1","0.2","ppm","2","Seattle-10th & Weller","16","67.0000","42101","Carbon monoxide","593","42660","Seattle-Tacoma-Bellevue, WA","53","Washington","033","King","47.597222","-122.319722"
"08/12/2024","AQS","530330030","1","0.2","ppm","2","Seattle-10th & Weller","24","100.0000","42101","Carbon monoxide","593","42660","Seattle-Tacoma-Bellevue, WA","53","Washington","033","King","47.597222","-122.319722"
"08/13/2024","AQS","530330030","1","0.3","ppm","3","Seattle-10th & Weller","24","100.0000","42101","Carbon monoxide","593","42660","Seattle-Tacoma-Bellevue, WA","53","Washington","033","King","47.597222","-122.319722"
"08/14/2024","AQS","530330030","1","0.3","ppm","3","Seattle-10th & Weller","24","100.0000","42101","Carbon monoxide","593","42660","Seattle-Tacoma-Bellevue, WA","53","Washington","033","King","47.597222","-122.319722"
"08/15/2024","AQS","530330030","1","0.2","ppm","2","Seattle-10th & Weller","24","100.0000","42101","Carbon monoxide","593","42660","Seattle-Tacoma-Bellevue, WA","53","Washington","033","King","47.597222","-122.319722"
"08/16/2024","AQS","530330030","1","0.3","ppm","3","Seattle-10th & Weller","24","100.0000","42101","Carbon monoxide","593","42660","Seattle-Tacoma-Bellevue, WA","53","Washington","033","King","47.597222","-122.319722"
"08/17/2024","AQS","530330030","1","0.2","ppm","2","Seattle-10th & Weller","24","100.0000","42101","Carbon monoxide","593","42660","Seattle-Tacoma-Bellevue, WA","53","Washington","033","King","47.597222","-122.319722"
"08/18/2024","AQS","530330030","1","0.3","ppm","3","Seattle-10th & Weller","24","100.0000","42101","Carbon monoxide","593","42660","Seattle-Tacoma-Bellevue, WA","53","Washington","033","King","47.597222","-122.319722"
"08/19/2024","AQS","530330030","1","0.3","ppm","3","Seattle-10th & Weller","15","63.0000","42101","Carbon monoxide","593","42660","Seattle-Tacoma-Bellevue, WA","53","Washington","033","King","47.597222","-122.319722"
"08/20/2024","AQS","530330030","1","0.2","ppm","2","Seattle-10th & Weller","13","54.0000","42101","Carbon monoxide","593","42660","Seattle-Tacoma-Bellevue, WA","53","Washington","033","King","47.597222","-122.319722"
"08/21/2024","AQS","530330030","1","0.2","ppm","2","Seattle-10th & Weller","4","17.0000","42101","Carbon monoxide","593","42660","Seattle-Tacoma-Bellevue, WA","53","Washington","033","King","47.597222","-122.319722"
"09/09/2024","AQS","530330030","1","0.3","ppm","3","Seattle-10th & Weller","16","67.0000","42101","Carbon monoxide","593","42660","Seattle-Tacoma-Bellevue, WA","53","Washington","033","King","47.597222","-122.319722"
"09/10/2024","AQS","530330030","1","0.3","ppm","3","Seattle-10th & Weller","24","100.0000","42101","Carbon monoxide","593","42660","Seattle-Tacoma-Bellevue, WA","53","Washington","033","King","47.597222","-122.319722"
"09/11/2024","AQS","530330030","1","0.3","ppm","3","Seattle-10th & Weller","24","100.0000","42101","Carbon monoxide","593","42660","Seattle-Tacoma-Bellevue, WA","53","Washington","033","King","47.597222","-122.319722"
"09/12/2024","AQS","530330030","1","0.4","ppm","5","Seattle-10th & Weller","24","100.0000","42101","Carbon monoxide","593","42660","Seattle-Tacoma-Bellevue, WA","53","Washington","033","King","47.597222","-122.319722"
"09/13/2024","AQS","530330030","1","0.3","ppm","3","Seattle-10th & Weller","24","100.0000","42101","Carbon monoxide","593","42660","Seattle-Tacoma-Bellevue, WA","53","Washington","033","King","47.597222","-122.319722"
"09/14/2024","AQS","530330030","1","0.3","ppm","3","Seattle-10th & Weller","24","100.0000","42101","Carbon monoxide","593","42660","Seattle-Tacoma-Bellevue, WA","53","Washington","033","King","47.597222","-122.319722"
"09/15/2024","AQS","530330030","1","0.2","ppm","2","Seattle-10th & Weller","24","100.0000","42101","Carbon monoxide","593","42660","Seattle-Tacoma-Bellevue, WA","53","Washington","033","King","47.597222","-122.319722"
"09/16/2024","AQS","530330030","1","0.4","ppm","5","Seattle-10th & Weller","24","100.0000","42101","Carbon monoxide","593","42660","Seattle-Tacoma-Bellevue, WA","53","Washington","033","King","47.597222","-122.319722"
"09/17/2024","AQS","530330030","1","0.4","ppm","5","Seattle-10th & Weller","24","100.0000","42101","Carbon monoxide","593","42660","Seattle-Tacoma-Bellevue, WA","53","Washington","033","King","47.597222","-122.319722"
"09/18/2024","AQS","530330030","1","0.2","ppm","2","Seattle-10th & Weller","4","17.0000","42101","Carbon monoxide","593","42660","Seattle-Tacoma-Bellevue, WA","53","Washington","033","King","47.597222","-122.319722"
