"Date","Source","Site ID","POC","Daily Max 1-hour NO2 Concentration","Units","Daily AQI Value","Local Site Name","Daily Obs Count","Percent Complete","AQS Parameter Code","AQS Parameter Description","Method Code","CBSA Code","CBSA Name","State FIPS Code","State","County FIPS Code","County","Site Latitude","Site Longitude"
"01/01/2019","AQS","530330030","1","28.3","ppb","26","Seattle-10th & Weller","22","92.0000","42602","Nitrogen dioxide (NO2)","599","42660","Seattle-Tacoma-Bellevue, WA","53","Washington","033","King","47.597222","-122.319722"
"01/02/2019","AQS","530330030","1","30","ppb","28","Seattle-10th & Weller","23","96.0000","42602","Nitrogen dioxide (NO2)","599","42660","Seattle-Tacoma-Bellevue, WA","53","Washington","033","King","47.597222","-122.319722"
"01/03/2019","AQS","530330030","1","51.4","ppb","48","Seattle-10th & Weller","21","88.0000","42602","Nitrogen dioxide (NO2)","599","42660","Seattle-Tacoma-Bellevue, WA","53","Washington","033","King","47.597222","-122.319722"
"01/04/2019","AQS","530330030","1","32.3","ppb","30","Seattle-10th & Weller","24","100.0000","42602","Nitrogen dioxide (NO2)","599","42660","Seattle-Tacoma-Bellevue, WA","53","Washington","033","King","47.597222","-122.319722"
"01/05/2019","AQS","530330030","1","42.2","ppb","40","Seattle-10th & Weller","22","92.0000","42602","Nitrogen dioxide (NO2)","599","42660","Seattle-Tacoma-Bellevue, WA","53","Washington","033","King","47.597222","-122.319722"
"01/06/2019","AQS","530330030","1","32.5","ppb","30","Seattle-10th & Weller","23","96.0000","42602","Nitrogen dioxide (NO2)","599","42660","Seattle-Tacoma-Bellevue, WA","53","Washington","033","King","47.597222","-122.319722"
"01/07/2019","AQS","530330030","1","38.3","ppb","36","Seattle-10th & Weller","23","96.0000","42602","Nitrogen dioxide (NO2)","599","42660","Seattle-Tacoma-Bellevue, WA","53","Washington","033","King","47.597222","-122.319722"
"01/08/2019","AQS","530330030","1","52.8","ppb","49","Seattle-10th & Weller","22","92.0000","42602","Nitrogen dioxide (NO2)","599","42660","Seattle-Tacoma-Bellevue, WA","53","Washington","033","King","47.597222","-122.319722"
"01/09/2019","AQS","530330030","1","33.3","ppb","31","Seattle-10th & Weller","23","96.0000","42602","Nitrogen dioxide (NO2)","599","42660","Seattle-Tacoma-Bellevue, WA","53","Washington","033","King","47.597222","-122.319722"
"01/10/2019","AQS","530330030","1","27.1","ppb","25","Seattle-10th & Weller","21","88.0000","42602","Nitrogen dioxide (NO2)","599","42660","Seattle-Tacoma-Bellevue, WA","53","Washington","033","King","47.597222","-122.319722"
"01/11/2019","AQS","530330030","1","44.2","ppb","42","Seattle-10th & Weller","24","100.0000","42602","Nitrogen dioxide (NO2)","599","42660","Seattle-Tacoma-Bellevue, WA","53","Washington","033","King","47.597222","-122.319722"
"01/12/2019","AQS","530330030","1","41.2","ppb","39","Seattle-10th & Weller","22","92.0000","42602","Nitrogen dioxide (NO2)","599","42660","Seattle-Tacoma-Bellevue, WA","53","Washington","033","King","47.597222","-122.319722"
"01/13/2019","AQS","530330030","1","40.7","ppb","38","Seattle-10th & Weller","23","96.0000","42602","Nitrogen dioxide (NO2)","599","42660","Seattle-Tacoma-Bellevue, WA","53","Washington","033","King","47.597222","-122.319722"
"01/14/2019","AQS","530330030","1","37.5","ppb","35","Seattle-10th & Weller","23","96.0000","42602","Nitrogen dioxide (NO2)","599","42660","Seattle-Tacoma-Bellevue, WA","53","Washington","033","King","47.597222","-122.319722"
"01/15/2019","AQS","530330030","1","83.3","ppb","82","Seattle-10th & Weller","22","92.0000","42602","Nitrogen dioxide (NO2)","599","42660","Seattle-Tacoma-Bellevue, WA","53","Washington","033","King","47.597222","-122.319722"
"01/16/2019","AQS","530330030","1","61","ppb","58","Seattle-10th & Weller","23","96.0000","42602","Nitrogen dioxide (NO2)","599","42660","Seattle-Tacoma-Bellevue, WA","53","Washington","033","King","47.597222","-122.319722"
"01/17/2019","AQS","530330030","1","44.1","ppb","42","Seattle-10th & Weller","21","88.0000","42602","Nitrogen dioxide (NO2)","599","42660","Seattle-Tacoma-Bellevue, WA","53","Washington","033","King","47.597222","-122.319722"
"01/18/2019","AQS","530330030","1","42.2","ppb","40","Seattle-10th & Weller","24","100.0000","42602","Nitrogen dioxide (NO2)","599","42660","Seattle-Tacoma-Bellevue, WA","53","Washington","033","King","47.597222","-122.319722"
"01/19/2019","AQS","530330030","1","27.9","ppb","25","Seattle-10th & Weller","22","92.0000","42602","Nitrogen dioxide (NO2)","599","42660","Seattle-Tacoma-Bellevue, WA","53","Washington","033","King","47.597222","-122.319722"
"01/20/2019","AQS","530330030","1","31.3","ppb","29","Seattle-10th & Weller","23","96.0000","42602","Nitrogen dioxide (NO2)","599","42660","Seattle-Tacoma-Bellevue, WA","53","Washington","033","King","47.597222","-122.319722"
"01/21/2019","AQS","530330030","1","33.7","ppb","31","Seattle-10th & Weller","23","96.0000","42602","Nitrogen dioxide (NO2)","599","42660","Seattle-Tacoma-Bellevue, WA","53","Washington","033","King","47.597222","-122.319722"
"01/22/2019","AQS","530330030","1","31.4","ppb","29","Seattle-10th & Weller","22","92.0000","42602","Nitrogen dioxide (NO2)","599","42660","Seattle-Tacoma-Bellevue, WA","53","Washington","033","King","47.597222","-122.319722"
"01/23/2019","AQS","530330030","1","40.5","ppb","38","Seattle-10th & Weller","23","96.0000","42602","Nitrogen dioxide (NO2)","599","42660","Seattle-Tacoma-Bellevue, WA","53","Washington","033","King","47.597222","-122.319722"
"01/24/2019","AQS","530330030","1","38.8","ppb","36","Seattle-10th & Weller","21","88.0000","42602","Nitrogen dioxide (NO2)","599","42660","Seattle-Tacoma-Bellevue, WA","53","Washington","033","King","47.597222","-122.319722"
"01/25/2019","AQS","530330030","1","25.5","ppb","24","Seattle-10th & Weller","24","100.0000","42602","Nitrogen dioxide (NO2)","599","42660","Seattle-Tacoma-Bellevue, WA","53","Washington","033","King","47.597222","-122.319722"
"01/26/2019","AQS","530330030","1","21.4","ppb","20","Seattle-10th & Weller","22","92.0000","42602","Nitrogen dioxide (NO2)","599","42660","Seattle-Tacoma-Bellevue, WA","53","Washington","033","King","47.597222","-122.319722"
"01/27/2019","AQS","530330030","1","18.5","ppb","17","Seattle-10th & Weller","23","96.0000","42602","Nitrogen dioxide (NO2)","599","42660","Seattle-Tacoma-Bellevue, WA","53","Washington","033","King","47.597222","-122.319722"
"01/28/2019","AQS","530330030","1","24.9","ppb","23","Seattle-10th & Weller","23","96.0000","42602","Nitrogen dioxide (NO2)","599","42660","Seattle-Tacoma-Bellevue, WA","53","Washington","033","King","47.597222","-122.319722"
"01/29/2019","AQS","530330030","1","36.9","ppb","34","Seattle-10th & Weller","21","88.0000","42602","Nitrogen dioxide (NO2)","599","42660","Seattle-Tacoma-Bellevue, WA","53","Washington","033","King","47.597222","-122.319722"
"01/30/2019","AQS","530330030","1","50.5","ppb","47","Seattle-10th & Weller","23","96.0000","42602","Nitrogen dioxide (NO2)","599","42660","Seattle-Tacoma-Bellevue, WA","53","Washington","033","King","47.597222","-122.319722"
"01/31/2019","AQS","530330030","1","45.7","ppb","42","Seattle-10th & Weller","21","88.0000","42602","Nitrogen dioxide (NO2)","599","42660","Seattle-Tacoma-Bellevue, WA","53","Washington","033","King","47.597222","-122.319722"
"02/01/2019","AQS","530330030","1","35.6","ppb","33","Seattle-10th & Weller","24","100.0000","42602","Nitrogen dioxide (NO2)","599","42660","Seattle-Tacoma-Bellevue, WA","53","Washington","033","King","47.597222","-122.319722"
"02/02/2019","AQS","530330030","1","30.5","ppb","28","Seattle-10th & Weller","22","92.0000","42602","Nitrogen dioxide (NO2)","599","42660","Seattle-Tacoma-Bellevue, WA","53","Washington","033","King","47.597222","-122.319722"
"02/03/2019","AQS","530330030","1","21.6","ppb","20","Seattle-10th & Weller","23","96.0000","42602","Nitrogen dioxide (NO2)","599","42660","Seattle-Tacoma-Bellevue, WA","53","Washington","033","King","47.597222","-122.319722"
"02/04/2019","AQS","530330030","1","9.2","ppb","8","Seattle-10th & Weller","21","88.0000","42602","Nitrogen dioxide (NO2)","599","42660","Seattle-Tacoma-Bellevue, WA","53","Washington","033","King","47.597222","-122.319722"
"02/05/2019","AQS","530330030","1","39.3","ppb","37","Seattle-10th & Weller","22","92.0000","42602","Nitrogen dioxide (NO2)","599","42660","Seattle-Tacoma-Bellevue, WA","53","Washington","033","King","47.597222","-122.319722"
"02/06/2019","AQS","530330030","1","38.8","ppb","36","Seattle-10th & Weller","23","96.0000","42602","Nitrogen dioxide (NO2)","599","42660","Seattle-Tacoma-Bellevue, WA","53","Washington","033","King","47.597222","-122.319722"
"02/07/2019","AQS","530330030","1","37.8","ppb","35","Seattle-10th & Weller","20","83.0000","42602","Nitrogen dioxide (NO2)","599","42660","Seattle-Tacoma-Bellevue, WA","53","Washington","033","King","47.597222","-122.319722"
"02/08/2019","AQS","530330030","1","36.7","ppb","34","Seattle-10th & Weller","24","100.0000","42602","Nitrogen dioxide (NO2)","599","42660","Seattle-Tacoma-Bellevue, WA","53","Washington","033","King","47.597222","-122.319722"
"02/09/2019","AQS","530330030","1","26","ppb","25","Seattle-10th & Weller","22","92.0000","42602","Nitrogen dioxide (NO2)","599","42660","Seattle-Tacoma-Bellevue, WA","53","Washington","033","King","47.597222","-122.319722"
"02/10/2019","AQS","530330030","1","35.4","ppb","33","Seattle-10th & Weller","23","96.0000","42602","Nitrogen dioxide (NO2)","599","42660","Seattle-Tacoma-Bellevue, WA","53","Washington","033","King","47.597222","-122.319722"
"02/11/2019","AQS","530330030","1","24.7","ppb","23","Seattle-10th & Weller","23","96.0000","42602","Nitrogen dioxide (NO2)","599","42660","Seattle-Tacoma-Bellevue, WA","53","Washington","033","King","47.597222","-122.319722"
"02/12/2019","AQS","530330030","1","21.1","ppb","20","Seattle-10th & Weller","22","92.0000","42602","Nitrogen dioxide (NO2)","599","42660","Seattle-Tacoma-Bellevue, WA","53","Washington","033","King","47.597222","-122.319722"
"02/13/2019","AQS","530330030","1","35.1","ppb","33","Seattle-10th & Weller","23","96.0000","42602","Nitrogen dioxide (NO2)","599","42660","Seattle-Tacoma-Bellevue, WA","53","Washington","033","King","47.597222","-122.319722"
"02/14/2019","AQS","530330030","1","57.6","ppb","54","Seattle-10th & Weller","21","88.0000","42602","Nitrogen dioxide (NO2)","599","42660","Seattle-Tacoma-Bellevue, WA","53","Washington","033","King","47.597222","-122.319722"
"02/15/2019","AQS","530330030","1","36","ppb","34","Seattle-10th & Weller","24","100.0000","42602","Nitrogen dioxide (NO2)","599","42660","Seattle-Tacoma-Bellevue, WA","53","Washington","033","King","47.597222","-122.319722"
"02/16/2019","AQS","530330030","1","34.6","ppb","32","Seattle-10th & Weller","22","92.0000","42602","Nitrogen dioxide (NO2)","599","42660","Seattle-Tacoma-Bellevue, WA","53","Washington","033","King","47.597222","-122.319722"
"02/17/2019","AQS","530330030","1","30.4","ppb","28","Seattle-10th & Weller","23","96.0000","42602","Nitrogen dioxide (NO2)","599","42660","Seattle-Tacoma-Bellevue, WA","53","Washington","033","King","47.597222","-122.319722"
"02/18/2019","AQS","530330030","1","22","ppb","21","Seattle-10th & Weller","23","96.0000","42602","Nitrogen dioxide (NO2)","599","42660","Seattle-Tacoma-Bellevue, WA","53","Washington","033","King","47.597222","-122.319722"
"02/19/2019","AQS","530330030","1","37.9","ppb","35","Seattle-10th & Weller","22","92.0000","42602","Nitrogen dioxide (NO2)","599","42660","Seattle-Tacoma-Bellevue, WA","53","Washington","033","King","47.597222","-122.319722"
"02/20/2019","AQS","530330030","1","25.5","ppb","24","Seattle-10th & Weller","23","96.0000","42602","Nitrogen dioxide (NO2)","599","42660","Seattle-Tacoma-Bellevue, WA","53","Washington","033","King","47.597222","-122.319722"
"02/21/2019","AQS","530330030","1","35.3","ppb","33","Seattle-10th & Weller","21","88.0000","42602","Nitrogen dioxide (NO2)","599","42660","Seattle-Tacoma-Bellevue, WA","53","Washington","033","King","47.597222","-122.319722"
"02/22/2019","AQS","530330030","1","35.9","ppb","33","Seattle-10th & Weller","24","100.0000","42602","Nitrogen dioxide (NO2)","599","42660","Seattle-Tacoma-Bellevue, WA","53","Washington","033","King","47.597222","-122.319722"
"02/23/2019","AQS","530330030","1","32.2","ppb","30","Seattle-10th & Weller","22","92.0000","42602","Nitrogen dioxide (NO2)","599","42660","Seattle-Tacoma-Bellevue, WA","53","Washington","033","King","47.597222","-122.319722"
"02/24/2019","AQS","530330030","1","23.8","ppb","22","Seattle-10th & Weller","23","96.0000","42602","Nitrogen dioxide (NO2)","599","42660","Seattle-Tacoma-Bellevue, WA","53","Washington","033","King","47.597222","-122.319722"
"02/25/2019","AQS","530330030","1","20.3","ppb","19","Seattle-10th & Weller","23","96.0000","42602","Nitrogen dioxide (NO2)","599","42660","Seattle-Tacoma-Bellevue, WA","53","Washington","033","King","47.597222","-122.319722"
"02/26/2019","AQS","530330030","1","19.7","ppb","18","Seattle-10th & Weller","22","92.0000","42602","Nitrogen dioxide (NO2)","599","42660","Seattle-Tacoma-Bellevue, WA","53","Washington","033","King","47.597222","-122.319722"
"02/27/2019","AQS","530330030","1","33.8","ppb","31","Seattle-10th & Weller","23","96.0000","42602","Nitrogen dioxide (NO2)","599","42660","Seattle-Tacoma-Bellevue, WA","53","Washington","033","King","47.597222","-122.319722"
"02/28/2019","AQS","530330030","1","47","ppb","44","Seattle-10th & Weller","21","88.0000","42602","Nitrogen dioxide (NO2)","599","42660","Seattle-Tacoma-Bellevue, WA","53","Washington","033","King","47.597222","-122.319722"
"03/01/2019","AQS","530330030","1","31.8","ppb","29","Seattle-10th & Weller","24","100.0000","42602","Nitrogen dioxide (NO2)","599","42660","Seattle-Tacoma-Bellevue, WA","53","Washington","033","King","47.597222","-122.319722"
"03/02/2019","AQS","530330030","1","17.8","ppb","16","Seattle-10th & Weller","22","92.0000","42602","Nitrogen dioxide (NO2)","599","42660","Seattle-Tacoma-Bellevue, WA","53","Washington","033","King","47.597222","-122.319722"
"03/03/2019","AQS","530330030","1","11.6","ppb","10","Seattle-10th & Weller","23","96.0000","42602","Nitrogen dioxide (NO2)","599","42660","Seattle-Tacoma-Bellevue, WA","53","Washington","033","King","47.597222","-122.319722"
"03/04/2019","AQS","530330030","1","21.3","ppb","20","Seattle-10th & Weller","23","96.0000","42602","Nitrogen dioxide (NO2)","599","42660","Seattle-Tacoma-Bellevue, WA","53","Washington","033","King","47.597222","-122.319722"
"03/05/2019","AQS","530330030","1","26.9","ppb","25","Seattle-10th & Weller","22","92.0000","42602","Nitrogen dioxide (NO2)","599","42660","Seattle-Tacoma-Bellevue, WA","53","Washington","033","King","47.597222","-122.319722"
"03/06/2019","AQS","530330030","1","34.4","ppb","32","Seattle-10th & Weller","23","96.0000","42602","Nitrogen dioxide (NO2)","599","42660","Seattle-Tacoma-Bellevue, WA","53","Washington","033","King","47.597222","-122.319722"
"03/07/2019","AQS","530330030","1","40.5","ppb","38","Seattle-10th & Weller","21","88.0000","42602","Nitrogen dioxide (NO2)","599","42660","Seattle-Tacoma-Bellevue, WA","53","Washington","033","King","47.597222","-122.319722"
"03/08/2019","AQS","530330030","1","41.2","ppb","39","Seattle-10th & Weller","24","100.0000","42602","Nitrogen dioxide (NO2)","599","42660","Seattle-Tacoma-Bellevue, WA","53","Washington","033","King","47.597222","-122.319722"
"03/09/2019","AQS","530330030","1","30.7","ppb","28","Seattle-10th & Weller","22","92.0000","42602","Nitrogen dioxide (NO2)","599","42660","Seattle-Tacoma-Bellevue, WA","53","Washington","033","King","47.597222","-122.319722"
"03/10/2019","AQS","530330030","1","35.9","ppb","33","Seattle-10th & Weller","23","96.0000","42602","Nitrogen dioxide (NO2)","599","42660","Seattle-Tacoma-Bellevue, WA","53","Washington","033","King","47.597222","-122.319722"
"03/11/2019","AQS","530330030","1","42.6","ppb","40","Seattle-10th & Weller","23","96.0000","42602","Nitrogen dioxide (NO2)","599","42660","Seattle-Tacoma-Bellevue, WA","53","Washington","033","King","47.597222","-122.319722"
"03/13/2019","AQS","530330030","1","43.8","ppb","41","Seattle-10th & Weller","23","96.0000","42602","Nitrogen dioxide (NO2)","599","42660","Seattle-Tacoma-Bellevue, WA","53","Washington","033","King","47.597222","-122.319722"
"03/14/2019","AQS","530330030","1","31.2","ppb","29","Seattle-10th & Weller","21","88.0000","42602","Nitrogen dioxide (NO2)","599","42660","Seattle-Tacoma-Bellevue, WA","53","Washington","033","King","47.597222","-122.319722"
"03/15/2019","AQS","530330030","1","37","ppb","35","Seattle-10th & Weller","24","100.0000","42602","Nitrogen dioxide (NO2)","599","42660","Seattle-Tacoma-Bellevue, WA","53","Washington","033","King","47.597222","-122.319722"
"03/16/2019","AQS","530330030","1","32.8","ppb","30","Seattle-10th & Weller","22","92.0000","42602","Nitrogen dioxide (NO2)","599","42660","Seattle-Tacoma-Bellevue, WA","53","Washington","033","King","47.597222","-122.319722"
"03/17/2019","AQS","530330030","1","24.8","ppb","23","Seattle-10th & Weller","23","96.0000","42602","Nitrogen dioxide (NO2)","599","42660","Seattle-Tacoma-Bellevue, WA","53","Washington","033","King","47.597222","-122.319722"
"03/18/2019","AQS","530330030","1","36.7","ppb","34","Seattle-10th & Weller","23","96.0000","42602","Nitrogen dioxide (NO2)","599","42660","Seattle-Tacoma-Bellevue, WA","53","Washington","033","King","47.597222","-122.319722"
"03/19/2019","AQS","530330030","1","61.8","ppb","58","Seattle-10th & Weller","22","92.0000","42602","Nitrogen dioxide (NO2)","599","42660","Seattle-Tacoma-Bellevue, WA","53","Washington","033","King","47.597222","-122.319722"
"03/20/2019","AQS","530330030","1","58.2","ppb","55","Seattle-10th & Weller","23","96.0000","42602","Nitrogen dioxide (NO2)","599","42660","Seattle-Tacoma-Bellevue, WA","53","Washington","033","King","47.597222","-122.319722"
"03/21/2019","AQS","530330030","1","44.4","ppb","42","Seattle-10th & Weller","21","88.0000","42602","Nitrogen dioxide (NO2)","599","42660","Seattle-Tacoma-Bellevue, WA","53","Washington","033","King","47.597222","-122.319722"
"03/22/2019","AQS","530330030","1","40","ppb","38","Seattle-10th & Weller","24","100.0000","42602","Nitrogen dioxide (NO2)","599","42660","Seattle-Tacoma-Bellevue, WA","53","Washington","033","King","47.597222","-122.319722"
"03/23/2019","AQS","530330030","1","42.3","ppb","40","Seattle-10th & Weller","22","92.0000","42602","Nitrogen dioxide (NO2)","599","42660","Seattle-Tacoma-Bellevue, WA","53","Washington","033","King","47.597222","-122.319722"
"03/24/2019","AQS","530330030","1","29.9","ppb","27","Seattle-10th & Weller","23","96.0000","42602","Nitrogen dioxide (NO2)","599","42660","Seattle-Tacoma-Bellevue, WA","53","Washington","033","King","47.597222","-122.319722"
"03/25/2019","AQS","530330030","1","34.8","ppb","32","Seattle-10th & Weller","23","96.0000","42602","Nitrogen dioxide (NO2)","599","42660","Seattle-Tacoma-Bellevue, WA","53","Washington","033","King","47.597222","-122.319722"
"03/26/2019","AQS","530330030","1","43","ppb","41","Seattle-10th & Weller","22","92.0000","42602","Nitrogen dioxide (NO2)","599","42660","Seattle-Tacoma-Bellevue, WA","53","Washington","033","King","47.597222","-122.319722"
"03/27/2019","AQS","530330030","1","32.8","ppb","30","Seattle-10th & Weller","23","96.0000","42602","Nitrogen dioxide (NO2)","599","42660","Seattle-Tacoma-Bellevue, WA","53","Washington","033","King","47.597222","-122.319722"
"03/28/2019","AQS","530330030","1","44.3","ppb","42","Seattle-10th & Weller","21","88.0000","42602","Nitrogen dioxide (NO2)","599","42660","Seattle-Tacoma-Bellevue, WA","53","Washington","033","King","47.597222","-122.319722"
"03/29/2019","AQS","530330030","1","48.3","ppb","45","Seattle-10th & Weller","24","100.0000","42602","Nitrogen dioxide (NO2)","599","42660","Seattle-Tacoma-Bellevue, WA","53","Washington","033","King","47.597222","-122.319722"
"03/30/2019","AQS","530330030","1","31.4","ppb","29","Seattle-10th & Weller","22","92.0000","42602","Nitrogen dioxide (NO2)","599","42660","Seattle-Tacoma-Bellevue, WA","53","Washington","033","King","47.597222","-122.319722"
"03/31/2019","AQS","530330030","1","26.3","ppb","25","Seattle-10th & Weller","23","96.0000","42602","Nitrogen dioxide (NO2)","599","42660","Seattle-Tacoma-Bellevue, WA","53","Washington","033","King","47.597222","-122.319722"
"04/01/2019","AQS","530330030","1","23.5","ppb","22","Seattle-10th & Weller","23","96.0000","42602","Nitrogen dioxide (NO2)","599","42660","Seattle-Tacoma-Bellevue, WA","53","Washington","033","King","47.597222","-122.319722"
"04/02/2019","AQS","530330030","1","41.5","ppb","39","Seattle-10th & Weller","22","92.0000","42602","Nitrogen dioxide (NO2)","599","42660","Seattle-Tacoma-Bellevue, WA","53","Washington","033","King","47.597222","-122.319722"
"04/03/2019","AQS","530330030","1","27.4","ppb","25","Seattle-10th & Weller","23","96.0000","42602","Nitrogen dioxide (NO2)","599","42660","Seattle-Tacoma-Bellevue, WA","53","Washington","033","King","47.597222","-122.319722"
"04/04/2019","AQS","530330030","1","40.1","ppb","38","Seattle-10th & Weller","21","88.0000","42602","Nitrogen dioxide (NO2)","599","42660","Seattle-Tacoma-Bellevue, WA","53","Washington","033","King","47.597222","-122.319722"
"04/05/2019","AQS","530330030","1","19.5","ppb","18","Seattle-10th & Weller","24","100.0000","42602","Nitrogen dioxide (NO2)","599","42660","Seattle-Tacoma-Bellevue, WA","53","Washington","033","King","47.597222","-122.319722"
"04/06/2019","AQS","530330030","1","20.5","ppb","19","Seattle-10th & Weller","22","92.0000","42602","Nitrogen dioxide (NO2)","599","42660","Seattle-Tacoma-Bellevue, WA","53","Washington","033","King","47.597222","-122.319722"
"04/07/2019","AQS","530330030","1","20.3","ppb","19","Seattle-10th & Weller","23","96.0000","42602","Nitrogen dioxide (NO2)","599","42660","Seattle-Tacoma-Bellevue, WA","53","Washington","033","King","47.597222","-122.319722"
"04/08/2019","AQS","530330030","1","31.1","ppb","29","Seattle-10th & Weller","23","96.0000","42602","Nitrogen dioxide (NO2)","599","42660","Seattle-Tacoma-Bellevue, WA","53","Washington","033","King","47.597222","-122.319722"
"04/09/2019","AQS","530330030","1","27.9","ppb","25","Seattle-10th & Weller","22","92.0000","42602","Nitrogen dioxide (NO2)","599","42660","Seattle-Tacoma-Bellevue, WA","53","Washington","033","King","47.597222","-122.319722"
"04/10/2019","AQS","530330030","1","27.9","ppb","25","Seattle-10th & Weller","23","96.0000","42602","Nitrogen dioxide (NO2)","599","42660","Seattle-Tacoma-Bellevue, WA","53","Washington","033","King","47.597222","-122.319722"
"04/11/2019","AQS","530330030","1","33","ppb","31","Seattle-10th & Weller","21","88.0000","42602","Nitrogen dioxide (NO2)","599","42660","Seattle-Tacoma-Bellevue, WA","53","Washington","033","King","47.597222","-122.319722"
"04/12/2019","AQS","530330030","1","36","ppb","34","Seattle-10th & Weller","24","100.0000","42602","Nitrogen dioxide (NO2)","599","42660","Seattle-Tacoma-Bellevue, WA","53","Washington","033","King","47.597222","-122.319722"
"04/13/2019","AQS","530330030","1","17.6","ppb","16","Seattle-10th & Weller","22","92.0000","42602","Nitrogen dioxide (NO2)","599","42660","Seattle-Tacoma-Bellevue, WA","53","Washington","033","King","47.597222","-122.319722"
"04/14/2019","AQS","530330030","1","15.5","ppb","14","Seattle-10th & Weller","23","96.0000","42602","Nitrogen dioxide (NO2)","599","42660","Seattle-Tacoma-Bellevue, WA","53","Washington","033","King","47.597222","-122.319722"
"04/15/2019","AQS","530330030","1","41","ppb","39","Seattle-10th & Weller","21","88.0000","42602","Nitrogen dioxide (NO2)","599","42660","Seattle-Tacoma-Bellevue, WA","53","Washington","033","King","47.597222","-122.319722"
"04/16/2019","AQS","530330030","1","31.7","ppb","29","Seattle-10th & Weller","22","92.0000","42602","Nitrogen dioxide (NO2)","599","42660","Seattle-Tacoma-Bellevue, WA","53","Washington","033","King","47.597222","-122.319722"
"04/17/2019","AQS","530330030","1","29.1","ppb","27","Seattle-10th & Weller","23","96.0000","42602","Nitrogen dioxide (NO2)","599","42660","Seattle-Tacoma-Bellevue, WA","53","Washington","033","King","47.597222","-122.319722"
"04/18/2019","AQS","530330030","1","30.4","ppb","28","Seattle-10th & Weller","21","88.0000","42602","Nitrogen dioxide (NO2)","599","42660","Seattle-Tacoma-Bellevue, WA","53","Washington","033","King","47.597222","-122.319722"
"04/19/2019","AQS","530330030","1","29.4","ppb","27","Seattle-10th & Weller","24","100.0000","42602","Nitrogen dioxide (NO2)","599","42660","Seattle-Tacoma-Bellevue, WA","53","Washington","033","King","47.597222","-122.319722"
"04/20/2019","AQS","530330030","1","40.9","ppb","38","Seattle-10th & Weller","22","92.0000","42602","Nitrogen dioxide (NO2)","599","42660","Seattle-Tacoma-Bellevue, WA","53","Washington","033","King","47.597222","-122.319722"
"04/21/2019","AQS","530330030","1","36.4","ppb","34","Seattle-10th & Weller","23","96.0000","42602","Nitrogen dioxide (NO2)","599","42660","Seattle-Tacoma-Bellevue, WA","53","Washington","033","King","47.597222","-122.319722"
"04/22/2019","AQS","530330030","1","30.9","ppb","28","Seattle-10th & Weller","23","96.0000","42602","Nitrogen dioxide (NO2)","599","42660","Seattle-Tacoma-Bellevue, WA","53","Washington","033","King","47.597222","-122.319722"
"04/23/2019","AQS","530330030","1","32.9","ppb","30","Seattle-10th & Weller","22","92.0000","42602","Nitrogen dioxide (NO2)","599","42660","Seattle-Tacoma-Bellevue, WA","53","Washington","033","King","47.597222","-122.319722"
"04/24/2019","AQS","530330030","1","42.4","ppb","40","Seattle-10th & Weller","23","96.0000","42602","Nitrogen dioxide (NO2)","599","42660","Seattle-Tacoma-Bellevue, WA","53","Washington","033","King","47.597222","-122.319722"
"04/25/2019","AQS","530330030","1","24.4","ppb","23","Seattle-10th & Weller","21","88.0000","42602","Nitrogen dioxide (NO2)","599","42660","Seattle-Tacoma-Bellevue, WA","53","Washington","033","King","47.597222","-122.319722"
"04/26/2019","AQS","530330030","1","34.4","ppb","32","Seattle-10th & Weller","24","100.0000","42602","Nitrogen dioxide (NO2)","599","42660","Seattle-Tacoma-Bellevue, WA","53","Washington","033","King","47.597222","-122.319722"
"04/27/2019","AQS","530330030","1","15.6","ppb","14","Seattle-10th & Weller","22","92.0000","42602","Nitrogen dioxide (NO2)","599","42660","Seattle-Tacoma-Bellevue, WA","53","Washington","033","King","47.597222","-122.319722"
"04/28/2019","AQS","530330030","1","18.6","ppb","17","Seattle-10th & Weller","23","96.0000","42602","Nitrogen dioxide (NO2)","599","42660","Seattle-Tacoma-Bellevue, WA","53","Washington","033","King","47.597222","-122.319722"
"04/29/2019","AQS","530330030","1","23.4","ppb","22","Seattle-10th & Weller","23","96.0000","42602","Nitrogen dioxide (NO2)","599","42660","Seattle-Tacoma-Bellevue, WA","53","Washington","033","King","47.597222","-122.319722"
"04/30/2019","AQS","530330030","1","36.5","ppb","34","Seattle-10th & Weller","22","92.0000","42602","Nitrogen dioxide (NO2)","599","42660","Seattle-Tacoma-Bellevue, WA","53","Washington","033","King","47.597222","-122.319722"
"05/01/2019","AQS","530330030","1","26.8","ppb","25","Seattle-10th & Weller","23","96.0000","42602","Nitrogen dioxide (NO2)","599","42660","Seattle-Tacoma-Bellevue, WA","53","Washington","033","King","47.597222","-122.319722"
"05/02/2019","AQS","530330030","1","31.3","ppb","29","Seattle-10th & Weller","21","88.0000","42602","Nitrogen dioxide (NO2)","599","42660","Seattle-Tacoma-Bellevue, WA","53","Washington","033","King","47.597222","-122.319722"
"05/03/2019","AQS","530330030","1","38.4","ppb","36","Seattle-10th & Weller","24","100.0000","42602","Nitrogen dioxide (NO2)","599","42660","Seattle-Tacoma-Bellevue, WA","53","Washington","033","King","47.597222","-122.319722"
"05/04/2019","AQS","530330030","1","29.4","ppb","27","Seattle-10th & Weller","22","92.0000","42602","Nitrogen dioxide (NO2)","599","42660","Seattle-Tacoma-Bellevue, WA","53","Washington","033","King","47.597222","-122.319722"
"05/05/2019","AQS","530330030","1","29.8","ppb","27","Seattle-10th & Weller","23","96.0000","42602","Nitrogen dioxide (NO2)","599","42660","Seattle-Tacoma-Bellevue, WA","53","Washington","033","King","47.597222","-122.319722"
"05/06/2019","AQS","530330030","1","37.6","ppb","35","Seattle-10th & Weller","23","96.0000","42602","Nitrogen dioxide (NO2)","599","42660","Seattle-Tacoma-Bellevue, WA","53","Washington","033","King","47.597222","-122.319722"
"05/07/2019","AQS","530330030","1","46.4","ppb","43","Seattle-10th & Weller","22","92.0000","42602","Nitrogen dioxide (NO2)","599","42660","Seattle-Tacoma-Bellevue, WA","53","Washington","033","King","47.597222","-122.319722"
"05/08/2019","AQS","530330030","1","45.1","ppb","42","Seattle-10th & Weller","23","96.0000","42602","Nitrogen dioxide (NO2)","599","42660","Seattle-Tacoma-Bellevue, WA","53","Washington","033","King","47.597222","-122.319722"
"05/09/2019","AQS","530330030","1","46.7","ppb","43","Seattle-10th & Weller","21","88.0000","42602","Nitrogen dioxide (NO2)","599","42660","Seattle-Tacoma-Bellevue, WA","53","Washington","033","King","47.597222","-122.319722"
"05/10/2019","AQS","530330030","1","57.2","ppb","54","Seattle-10th & Weller","24","100.0000","42602","Nitrogen dioxide (NO2)","599","42660","Seattle-Tacoma-Bellevue, WA","53","Washington","033","King","47.597222","-122.319722"
"05/11/2019","AQS","530330030","1","53.4","ppb","50","Seattle-10th & Weller","22","92.0000","42602","Nitrogen dioxide (NO2)","599","42660","Seattle-Tacoma-Bellevue, WA","53","Washington","033","King","47.597222","-122.319722"
"05/12/2019","AQS","530330030","1","40.1","ppb","38","Seattle-10th & Weller","23","96.0000","42602","Nitrogen dioxide (NO2)","599","42660","Seattle-Tacoma-Bellevue, WA","53","Washington","033","King","47.597222","-122.319722"
"05/13/2019","AQS","530330030","1","41.2","ppb","39","Seattle-10th & Weller","23","96.0000","42602","Nitrogen dioxide (NO2)","599","42660","Seattle-Tacoma-Bellevue, WA","53","Washington","033","King","47.597222","-122.319722"
"05/14/2019","AQS","530330030","1","34.1","ppb","32","Seattle-10th & Weller","22","92.0000","42602","Nitrogen dioxide (NO2)","599","42660","Seattle-Tacoma-Bellevue, WA","53","Washington","033","King","47.597222","-122.319722"
"05/15/2019","AQS","530330030","1","42.6","ppb","40","Seattle-10th & Weller","23","96.0000","42602","Nitrogen dioxide (NO2)","599","42660","Seattle-Tacoma-Bellevue, WA","53","Washington","033","King","47.597222","-122.319722"
"05/16/2019","AQS","530330030","1","35.3","ppb","33","Seattle-10th & Weller","21","88.0000","42602","Nitrogen dioxide (NO2)","599","42660","Seattle-Tacoma-Bellevue, WA","53","Washington","033","King","47.597222","-122.319722"
"05/17/2019","AQS","530330030","1","30.3","ppb","28","Seattle-10th & Weller","24","100.0000","42602","Nitrogen dioxide (NO2)","599","42660","Seattle-Tacoma-Bellevue, WA","53","Washington","033","King","47.597222","-122.319722"
"05/18/2019","AQS","530330030","1","32.6","ppb","30","Seattle-10th & Weller","22","92.0000","42602","Nitrogen dioxide (NO2)","599","42660","Seattle-Tacoma-Bellevue, WA","53","Washington","033","King","47.597222","-122.319722"
"05/19/2019","AQS","530330030","1","36.8","ppb","34","Seattle-10th & Weller","23","96.0000","42602","Nitrogen dioxide (NO2)","599","42660","Seattle-Tacoma-Bellevue, WA","53","Washington","033","King","47.597222","-122.319722"
"05/20/2019","AQS","530330030","1","28.2","ppb","26","Seattle-10th & Weller","23","96.0000","42602","Nitrogen dioxide (NO2)","599","42660","Seattle-Tacoma-Bellevue, WA","53","Washington","033","King","47.597222","-122.319722"
"05/21/2019","AQS","530330030","1","44.3","ppb","42","Seattle-10th & Weller","22","92.0000","42602","Nitrogen dioxide (NO2)","599","42660","Seattle-Tacoma-Bellevue, WA","53","Washington","033","King","47.597222","-122.319722"
"05/22/2019","AQS","530330030","1","37.8","ppb","35","Seattle-10th & Weller","23","96.0000","42602","Nitrogen dioxide (NO2)","599","42660","Seattle-Tacoma-Bellevue, WA","53","Washington","033","King","47.597222","-122.319722"
"05/23/2019","AQS","530330030","1","54","ppb","51","Seattle-10th & Weller","21","88.0000","42602","Nitrogen dioxide (NO2)","599","42660","Seattle-Tacoma-Bellevue, WA","53","Washington","033","King","47.597222","-122.319722"
"05/24/2019","AQS","530330030","1","23.7","ppb","22","Seattle-10th & Weller","24","100.0000","42602","Nitrogen dioxide (NO2)","599","42660","Seattle-Tacoma-Bellevue, WA","53","Washington","033","King","47.597222","-122.319722"
"05/25/2019","AQS","530330030","1","27.2","ppb","25","Seattle-10th & Weller","22","92.0000","42602","Nitrogen dioxide (NO2)","599","42660","Seattle-Tacoma-Bellevue, WA","53","Washington","033","King","47.597222","-122.319722"
"05/26/2019","AQS","530330030","1","39","ppb","37","Seattle-10th & Weller","23","96.0000","42602","Nitrogen dioxide (NO2)","599","42660","Seattle-Tacoma-Bellevue, WA","53","Washington","033","King","47.597222","-122.319722"
"05/27/2019","AQS","530330030","1","28.1","ppb","26","Seattle-10th & Weller","23","96.0000","42602","Nitrogen dioxide (NO2)","599","42660","Seattle-Tacoma-Bellevue, WA","53","Washington","033","King","47.597222","-122.319722"
"05/28/2019","AQS","530330030","1","27.9","ppb","25","Seattle-10th & Weller","22","92.0000","42602","Nitrogen dioxide (NO2)","599","42660","Seattle-Tacoma-Bellevue, WA","53","Washington","033","King","47.597222","-122.319722"
"05/29/2019","AQS","530330030","1","45","ppb","42","Seattle-10th & Weller","23","96.0000","42602","Nitrogen dioxide (NO2)","599","42660","Seattle-Tacoma-Bellevue, WA","53","Washington","033","King","47.597222","-122.319722"
"05/30/2019","AQS","530330030","1","49.3","ppb","46","Seattle-10th & Weller","21","88.0000","42602","Nitrogen dioxide (NO2)","599","42660","Seattle-Tacoma-Bellevue, WA","53","Washington","033","King","47.597222","-122.319722"
"05/31/2019","AQS","530330030","1","43.3","ppb","41","Seattle-10th & Weller","24","100.0000","42602","Nitrogen dioxide (NO2)","599","42660","Seattle-Tacoma-Bellevue, WA","53","Washington","033","King","47.597222","-122.319722"
"06/01/2019","AQS","530330030","1","40.7","ppb","38","Seattle-10th & Weller","22","92.0000","42602","Nitrogen dioxide (NO2)","599","42660","Seattle-Tacoma-Bellevue, WA","53","Washington","033","King","47.597222","-122.319722"
"06/02/2019","AQS","530330030","1","26.1","ppb","25","Seattle-10th & Weller","23","96.0000","42602","Nitrogen dioxide (NO2)","599","42660","Seattle-Tacoma-Bellevue, WA","53","Washington","033","King","47.597222","-122.319722"
"06/04/2019","AQS","530330030","1","37.4","ppb","35","Seattle-10th & Weller","22","92.0000","42602","Nitrogen dioxide (NO2)","599","42660","Seattle-Tacoma-Bellevue, WA","53","Washington","033","King","47.597222","-122.319722"
"06/05/2019","AQS","530330030","1","34","ppb","32","Seattle-10th & Weller","23","96.0000","42602","Nitrogen dioxide (NO2)","599","42660","Seattle-Tacoma-Bellevue, WA","53","Washington","033","King","47.597222","-122.319722"
"06/06/2019","AQS","530330030","1","28.1","ppb","26","Seattle-10th & Weller","21","88.0000","42602","Nitrogen dioxide (NO2)","599","42660","Seattle-Tacoma-Bellevue, WA","53","Washington","033","King","47.597222","-122.319722"
"06/07/2019","AQS","530330030","1","26.5","ppb","25","Seattle-10th & Weller","24","100.0000","42602","Nitrogen dioxide (NO2)","599","42660","Seattle-Tacoma-Bellevue, WA","53","Washington","033","King","47.597222","-122.319722"
"06/08/2019","AQS","530330030","1","15.1","ppb","14","Seattle-10th & Weller","22","92.0000","42602","Nitrogen dioxide (NO2)","599","42660","Seattle-Tacoma-Bellevue, WA","53","Washington","033","King","47.597222","-122.319722"
"06/09/2019","AQS","530330030","1","17.7","ppb","16","Seattle-10th & Weller","23","96.0000","42602","Nitrogen dioxide (NO2)","599","42660","Seattle-Tacoma-Bellevue, WA","53","Washington","033","King","47.597222","-122.319722"
"06/10/2019","AQS","530330030","1","28.6","ppb","26","Seattle-10th & Weller","22","92.0000","42602","Nitrogen dioxide (NO2)","599","42660","Seattle-Tacoma-Bellevue, WA","53","Washington","033","King","47.597222","-122.319722"
"06/11/2019","AQS","530330030","1","28","ppb","26","Seattle-10th & Weller","21","88.0000","42602","Nitrogen dioxide (NO2)","599","42660","Seattle-Tacoma-Bellevue, WA","53","Washington","033","King","47.597222","-122.319722"
"06/12/2019","AQS","530330030","1","68.6","ppb","66","Seattle-10th & Weller","23","96.0000","42602","Nitrogen dioxide (NO2)","599","42660","Seattle-Tacoma-Bellevue, WA","53","Washington","033","King","47.597222","-122.319722"
"06/13/2019","AQS","530330030","1","38.7","ppb","36","Seattle-10th & Weller","23","96.0000","42602","Nitrogen dioxide (NO2)","599","42660","Seattle-Tacoma-Bellevue, WA","53","Washington","033","King","47.597222","-122.319722"
"06/14/2019","AQS","530330030","1","24.9","ppb","23","Seattle-10th & Weller","24","100.0000","42602","Nitrogen dioxide (NO2)","599","42660","Seattle-Tacoma-Bellevue, WA","53","Washington","033","King","47.597222","-122.319722"
"06/15/2019","AQS","530330030","1","37","ppb","35","Seattle-10th & Weller","23","96.0000","42602","Nitrogen dioxide (NO2)","599","42660","Seattle-Tacoma-Bellevue, WA","53","Washington","033","King","47.597222","-122.319722"
"06/16/2019","AQS","530330030","1","39.6","ppb","37","Seattle-10th & Weller","23","96.0000","42602","Nitrogen dioxide (NO2)","599","42660","Seattle-Tacoma-Bellevue, WA","53","Washington","033","King","47.597222","-122.319722"
"06/17/2019","AQS","530330030","1","34.1","ppb","32","Seattle-10th & Weller","23","96.0000","42602","Nitrogen dioxide (NO2)","599","42660","Seattle-Tacoma-Bellevue, WA","53","Washington","033","King","47.597222","-122.319722"
"06/18/2019","AQS","530330030","1","20.7","ppb","19","Seattle-10th & Weller","22","92.0000","42602","Nitrogen dioxide (NO2)","599","42660","Seattle-Tacoma-Bellevue, WA","53","Washington","033","King","47.597222","-122.319722"
"06/19/2019","AQS","530330030","1","22.4","ppb","21","Seattle-10th & Weller","23","96.0000","42602","Nitrogen dioxide (NO2)","599","42660","Seattle-Tacoma-Bellevue, WA","53","Washington","033","King","47.597222","-122.319722"
"06/20/2019","AQS","530330030","1","25.1","ppb","24","Seattle-10th & Weller","23","96.0000","42602","Nitrogen dioxide (NO2)","599","42660","Seattle-Tacoma-Bellevue, WA","53","Washington","033","King","47.597222","-122.319722"
"06/21/2019","AQS","530330030","1","23.4","ppb","22","Seattle-10th & Weller","24","100.0000","42602","Nitrogen dioxide (NO2)","599","42660","Seattle-Tacoma-Bellevue, WA","53","Washington","033","King","47.597222","-122.319722"
"06/22/2019","AQS","530330030","1","25.4","ppb","24","Seattle-10th & Weller","23","96.0000","42602","Nitrogen dioxide (NO2)","599","42660","Seattle-Tacoma-Bellevue, WA","53","Washington","033","King","47.597222","-122.319722"
"06/23/2019","AQS","530330030","1","22.8","ppb","21","Seattle-10th & Weller","23","96.0000","42602","Nitrogen dioxide (NO2)","599","42660","Seattle-Tacoma-Bellevue, WA","53","Washington","033","King","47.597222","-122.319722"
"06/24/2019","AQS","530330030","1","26.5","ppb","25","Seattle-10th & Weller","23","96.0000","42602","Nitrogen dioxide (NO2)","599","42660","Seattle-Tacoma-Bellevue, WA","53","Washington","033","King","47.597222","-122.319722"
"06/25/2019","AQS","530330030","1","33.7","ppb","31","Seattle-10th & Weller","23","96.0000","42602","Nitrogen dioxide (NO2)","599","42660","Seattle-Tacoma-Bellevue, WA","53","Washington","033","King","47.597222","-122.319722"
"06/26/2019","AQS","530330030","1","33.1","ppb","31","Seattle-10th & Weller","23","96.0000","42602","Nitrogen dioxide (NO2)","599","42660","Seattle-Tacoma-Bellevue, WA","53","Washington","033","King","47.597222","-122.319722"
"06/27/2019","AQS","530330030","1","23.6","ppb","22","Seattle-10th & Weller","23","96.0000","42602","Nitrogen dioxide (NO2)","599","42660","Seattle-Tacoma-Bellevue, WA","53","Washington","033","King","47.597222","-122.319722"
"06/28/2019","AQS","530330030","1","26.3","ppb","25","Seattle-10th & Weller","24","100.0000","42602","Nitrogen dioxide (NO2)","599","42660","Seattle-Tacoma-Bellevue, WA","53","Washington","033","King","47.597222","-122.319722"
"06/29/2019","AQS","530330030","1","25.1","ppb","24","Seattle-10th & Weller","23","96.0000","42602","Nitrogen dioxide (NO2)","599","42660","Seattle-Tacoma-Bellevue, WA","53","Washington","033","King","47.597222","-122.319722"
"06/30/2019","AQS","530330030","1","26.7","ppb","25","Seattle-10th & Weller","23","96.0000","42602","Nitrogen dioxide (NO2)","599","42660","Seattle-Tacoma-Bellevue, WA","53","Washington","033","King","47.597222","-122.319722"
"07/01/2019","AQS","530330030","1","37.1","ppb","35","Seattle-10th & Weller","23","96.0000","42602","Nitrogen dioxide (NO2)","599","42660","Seattle-Tacoma-Bellevue, WA","53","Washington","033","King","47.597222","-122.319722"
"07/02/2019","AQS","530330030","1","30","ppb","28","Seattle-10th & Weller","23","96.0000","42602","Nitrogen dioxide (NO2)","599","42660","Seattle-Tacoma-Bellevue, WA","53","Washington","033","King","47.597222","-122.319722"
"07/03/2019","AQS","530330030","1","32.1","ppb","30","Seattle-10th & Weller","23","96.0000","42602","Nitrogen dioxide (NO2)","599","42660","Seattle-Tacoma-Bellevue, WA","53","Washington","033","King","47.597222","-122.319722"
"07/04/2019","AQS","530330030","1","27.5","ppb","25","Seattle-10th & Weller","23","96.0000","42602","Nitrogen dioxide (NO2)","599","42660","Seattle-Tacoma-Bellevue, WA","53","Washington","033","King","47.597222","-122.319722"
"07/05/2019","AQS","530330030","1","22.7","ppb","21","Seattle-10th & Weller","24","100.0000","42602","Nitrogen dioxide (NO2)","599","42660","Seattle-Tacoma-Bellevue, WA","53","Washington","033","King","47.597222","-122.319722"
"07/06/2019","AQS","530330030","1","31.7","ppb","29","Seattle-10th & Weller","23","96.0000","42602","Nitrogen dioxide (NO2)","599","42660","Seattle-Tacoma-Bellevue, WA","53","Washington","033","King","47.597222","-122.319722"
"07/07/2019","AQS","530330030","1","21.2","ppb","20","Seattle-10th & Weller","23","96.0000","42602","Nitrogen dioxide (NO2)","599","42660","Seattle-Tacoma-Bellevue, WA","53","Washington","033","King","47.597222","-122.319722"
"07/08/2019","AQS","530330030","1","36.9","ppb","34","Seattle-10th & Weller","23","96.0000","42602","Nitrogen dioxide (NO2)","599","42660","Seattle-Tacoma-Bellevue, WA","53","Washington","033","King","47.597222","-122.319722"
"07/09/2019","AQS","530330030","1","33.9","ppb","31","Seattle-10th & Weller","23","96.0000","42602","Nitrogen dioxide (NO2)","599","42660","Seattle-Tacoma-Bellevue, WA","53","Washington","033","King","47.597222","-122.319722"
"07/10/2019","AQS","530330030","1","27.5","ppb","25","Seattle-10th & Weller","22","92.0000","42602","Nitrogen dioxide (NO2)","599","42660","Seattle-Tacoma-Bellevue, WA","53","Washington","033","King","47.597222","-122.319722"
"07/11/2019","AQS","530330030","1","28.9","ppb","26","Seattle-10th & Weller","23","96.0000","42602","Nitrogen dioxide (NO2)","599","42660","Seattle-Tacoma-Bellevue, WA","53","Washington","033","King","47.597222","-122.319722"
"07/12/2019","AQS","530330030","1","30.9","ppb","28","Seattle-10th & Weller","24","100.0000","42602","Nitrogen dioxide (NO2)","599","42660","Seattle-Tacoma-Bellevue, WA","53","Washington","033","King","47.597222","-122.319722"
"07/13/2019","AQS","530330030","1","23.7","ppb","22","Seattle-10th & Weller","23","96.0000","42602","Nitrogen dioxide (NO2)","599","42660","Seattle-Tacoma-Bellevue, WA","53","Washington","033","King","47.597222","-122.319722"
"07/14/2019","AQS","530330030","1","21.9","ppb","20","Seattle-10th & Weller","23","96.0000","42602","Nitrogen dioxide (NO2)","599","42660","Seattle-Tacoma-Bellevue, WA","53","Washington","033","King","47.597222","-122.319722"
"07/15/2019","AQS","530330030","1","29.5","ppb","27","Seattle-10th & Weller","23","96.0000","42602","Nitrogen dioxide (NO2)","599","42660","Seattle-Tacoma-Bellevue, WA","53","Washington","033","King","47.597222","-122.319722"
"07/16/2019","AQS","530330030","1","34.6","ppb","32","Seattle-10th & Weller","23","96.0000","42602","Nitrogen dioxide (NO2)","599","42660","Seattle-Tacoma-Bellevue, WA","53","Washington","033","King","47.597222","-122.319722"
"07/17/2019","AQS","530330030","1","25.4","ppb","24","Seattle-10th & Weller","23","96.0000","42602","Nitrogen dioxide (NO2)","599","42660","Seattle-Tacoma-Bellevue, WA","53","Washington","033","King","47.597222","-122.319722"
"07/18/2019","AQS","530330030","1","20.6","ppb","19","Seattle-10th & Weller","23","96.0000","42602","Nitrogen dioxide (NO2)","599","42660","Seattle-Tacoma-Bellevue, WA","53","Washington","033","King","47.597222","-122.319722"
"07/19/2019","AQS","530330030","1","25","ppb","24","Seattle-10th & Weller","24","100.0000","42602","Nitrogen dioxide (NO2)","599","42660","Seattle-Tacoma-Bellevue, WA","53","Washington","033","King","47.597222","-122.319722"
"07/20/2019","AQS","530330030","1","34.8","ppb","32","Seattle-10th & Weller","23","96.0000","42602","Nitrogen dioxide (NO2)","599","42660","Seattle-Tacoma-Bellevue, WA","53","Washington","033","King","47.597222","-122.319722"
"07/21/2019","AQS","530330030","1","32.7","ppb","30","Seattle-10th & Weller","23","96.0000","42602","Nitrogen dioxide (NO2)","599","42660","Seattle-Tacoma-Bellevue, WA","53","Washington","033","King","47.597222","-122.319722"
"07/22/2019","AQS","530330030","1","26.1","ppb","25","Seattle-10th & Weller","23","96.0000","42602","Nitrogen dioxide (NO2)","599","42660","Seattle-Tacoma-Bellevue, WA","53","Washington","033","King","47.597222","-122.319722"
"07/23/2019","AQS","530330030","1","20.6","ppb","19","Seattle-10th & Weller","23","96.0000","42602","Nitrogen dioxide (NO2)","599","42660","Seattle-Tacoma-Bellevue, WA","53","Washington","033","King","47.597222","-122.319722"
"07/24/2019","AQS","530330030","1","21.6","ppb","20","Seattle-10th & Weller","23","96.0000","42602","Nitrogen dioxide (NO2)","599","42660","Seattle-Tacoma-Bellevue, WA","53","Washington","033","King","47.597222","-122.319722"
"07/25/2019","AQS","530330030","1","24.9","ppb","23","Seattle-10th & Weller","23","96.0000","42602","Nitrogen dioxide (NO2)","599","42660","Seattle-Tacoma-Bellevue, WA","53","Washington","033","King","47.597222","-122.319722"
"07/26/2019","AQS","530330030","1","34.5","ppb","32","Seattle-10th & Weller","24","100.0000","42602","Nitrogen dioxide (NO2)","599","42660","Seattle-Tacoma-Bellevue, WA","53","Washington","033","King","47.597222","-122.319722"
"07/27/2019","AQS","530330030","1","22.2","ppb","21","Seattle-10th & Weller","23","96.0000","42602","Nitrogen dioxide (NO2)","599","42660","Seattle-Tacoma-Bellevue, WA","53","Washington","033","King","47.597222","-122.319722"
"07/28/2019","AQS","530330030","1","12.7","ppb","11","Seattle-10th & Weller","23","96.0000","42602","Nitrogen dioxide (NO2)","599","42660","Seattle-Tacoma-Bellevue, WA","53","Washington","033","King","47.597222","-122.319722"
"07/29/2019","AQS","530330030","1","29.9","ppb","27","Seattle-10th & Weller","23","96.0000","42602","Nitrogen dioxide (NO2)","599","42660","Seattle-Tacoma-Bellevue, WA","53","Washington","033","King","47.597222","-122.319722"
"07/30/2019","AQS","530330030","1","45.6","ppb","42","Seattle-10th & Weller","23","96.0000","42602","Nitrogen dioxide (NO2)","599","42660","Seattle-Tacoma-Bellevue, WA","53","Washington","033","King","47.597222","-122.319722"
"07/31/2019","AQS","530330030","1","40.7","ppb","38","Seattle-10th & Weller","22","92.0000","42602","Nitrogen dioxide (NO2)","599","42660","Seattle-Tacoma-Bellevue, WA","53","Washington","033","King","47.597222","-122.319722"
"08/01/2019","AQS","530330030","1","21.4","ppb","20","Seattle-10th & Weller","23","96.0000","42602","Nitrogen dioxide (NO2)","599","42660","Seattle-Tacoma-Bellevue, WA","53","Washington","033","King","47.597222","-122.319722"
"08/02/2019","AQS","530330030","1","26.6","ppb","25","Seattle-10th & Weller","24","100.0000","42602","Nitrogen dioxide (NO2)","599","42660","Seattle-Tacoma-Bellevue, WA","53","Washington","033","King","47.597222","-122.319722"
"08/03/2019","AQS","530330030","1","17.7","ppb","16","Seattle-10th & Weller","23","96.0000","42602","Nitrogen dioxide (NO2)","599","42660","Seattle-Tacoma-Bellevue, WA","53","Washington","033","King","47.597222","-122.319722"
"08/04/2019","AQS","530330030","1","45.7","ppb","42","Seattle-10th & Weller","23","96.0000","42602","Nitrogen dioxide (NO2)","599","42660","Seattle-Tacoma-Bellevue, WA","53","Washington","033","King","47.597222","-122.319722"
"08/05/2019","AQS","530330030","1","43.1","ppb","41","Seattle-10th & Weller","23","96.0000","42602","Nitrogen dioxide (NO2)","599","42660","Seattle-Tacoma-Bellevue, WA","53","Washington","033","King","47.597222","-122.319722"
"08/06/2019","AQS","530330030","1","38.6","ppb","36","Seattle-10th & Weller","23","96.0000","42602","Nitrogen dioxide (NO2)","599","42660","Seattle-Tacoma-Bellevue, WA","53","Washington","033","King","47.597222","-122.319722"
"08/07/2019","AQS","530330030","1","31.1","ppb","29","Seattle-10th & Weller","22","92.0000","42602","Nitrogen dioxide (NO2)","599","42660","Seattle-Tacoma-Bellevue, WA","53","Washington","033","King","47.597222","-122.319722"
"08/08/2019","AQS","530330030","1","28.4","ppb","26","Seattle-10th & Weller","23","96.0000","42602","Nitrogen dioxide (NO2)","599","42660","Seattle-Tacoma-Bellevue, WA","53","Washington","033","King","47.597222","-122.319722"
"08/09/2019","AQS","530330030","1","36.4","ppb","34","Seattle-10th & Weller","24","100.0000","42602","Nitrogen dioxide (NO2)","599","42660","Seattle-Tacoma-Bellevue, WA","53","Washington","033","King","47.597222","-122.319722"
"08/10/2019","AQS","530330030","1","30.8","ppb","28","Seattle-10th & Weller","23","96.0000","42602","Nitrogen dioxide (NO2)","599","42660","Seattle-Tacoma-Bellevue, WA","53","Washington","033","King","47.597222","-122.319722"
"08/11/2019","AQS","530330030","1","15.7","ppb","14","Seattle-10th & Weller","23","96.0000","42602","Nitrogen dioxide (NO2)","599","42660","Seattle-Tacoma-Bellevue, WA","53","Washington","033","King","47.597222","-122.319722"
"08/12/2019","AQS","530330030","1","33.9","ppb","31","Seattle-10th & Weller","21","88.0000","42602","Nitrogen dioxide (NO2)","599","42660","Seattle-Tacoma-Bellevue, WA","53","Washington","033","King","47.597222","-122.319722"
"08/13/2019","AQS","530330030","1","31.7","ppb","29","Seattle-10th & Weller","18","75.0000","42602","Nitrogen dioxide (NO2)","599","42660","Seattle-Tacoma-Bellevue, WA","53","Washington","033","King","47.597222","-122.319722"
"08/14/2019","AQS","530330030","1","43.3","ppb","41","Seattle-10th & Weller","21","88.0000","42602","Nitrogen dioxide (NO2)","599","42660","Seattle-Tacoma-Bellevue, WA","53","Washington","033","King","47.597222","-122.319722"
"08/15/2019","AQS","530330030","1","32.7","ppb","30","Seattle-10th & Weller","23","96.0000","42602","Nitrogen dioxide (NO2)","599","42660","Seattle-Tacoma-Bellevue, WA","53","Washington","033","King","47.597222","-122.319722"
"08/16/2019","AQS","530330030","1","23.8","ppb","22","Seattle-10th & Weller","24","100.0000","42602","Nitrogen dioxide (NO2)","599","42660","Seattle-Tacoma-Bellevue, WA","53","Washington","033","King","47.597222","-122.319722"
"08/17/2019","AQS","530330030","1","24.1","ppb","23","Seattle-10th & Weller","23","96.0000","42602","Nitrogen dioxide (NO2)","599","42660","Seattle-Tacoma-Bellevue, WA","53","Washington","033","King","47.597222","-122.319722"
"08/18/2019","AQS","530330030","1","23.2","ppb","22","Seattle-10th & Weller","23","96.0000","42602","Nitrogen dioxide (NO2)","599","42660","Seattle-Tacoma-Bellevue, WA","53","Washington","033","King","47.597222","-122.319722"
"08/19/2019","AQS","530330030","1","24.9","ppb","23","Seattle-10th & Weller","23","96.0000","42602","Nitrogen dioxide (NO2)","599","42660","Seattle-Tacoma-Bellevue, WA","53","Washington","033","King","47.597222","-122.319722"
"08/20/2019","AQS","530330030","1","38.8","ppb","36","Seattle-10th & Weller","23","96.0000","42602","Nitrogen dioxide (NO2)","599","42660","Seattle-Tacoma-Bellevue, WA","53","Washington","033","King","47.597222","-122.319722"
"08/21/2019","AQS","530330030","1","35.7","ppb","33","Seattle-10th & Weller","23","96.0000","42602","Nitrogen dioxide (NO2)","599","42660","Seattle-Tacoma-Bellevue, WA","53","Washington","033","King","47.597222","-122.319722"
"08/22/2019","AQS","530330030","1","41.2","ppb","39","Seattle-10th & Weller","21","88.0000","42602","Nitrogen dioxide (NO2)","599","42660","Seattle-Tacoma-Bellevue, WA","53","Washington","033","King","47.597222","-122.319722"
"08/23/2019","AQS","530330030","1","34","ppb","32","Seattle-10th & Weller","24","100.0000","42602","Nitrogen dioxide (NO2)","599","42660","Seattle-Tacoma-Bellevue, WA","53","Washington","033","King","47.597222","-122.319722"
"08/24/2019","AQS","530330030","1","29.9","ppb","27","Seattle-10th & Weller","23","96.0000","42602","Nitrogen dioxide (NO2)","599","42660","Seattle-Tacoma-Bellevue, WA","53","Washington","033","King","47.597222","-122.319722"
"08/25/2019","AQS","530330030","1","43.1","ppb","41","Seattle-10th & Weller","23","96.0000","42602","Nitrogen dioxide (NO2)","599","42660","Seattle-Tacoma-Bellevue, WA","53","Washington","033","King","47.597222","-122.319722"
"08/26/2019","AQS","530330030","1","20.5","ppb","19","Seattle-10th & Weller","23","96.0000","42602","Nitrogen dioxide (NO2)","599","42660","Seattle-Tacoma-Bellevue, WA","53","Washington","033","King","47.597222","-122.319722"
"08/27/2019","AQS","530330030","1","24.3","ppb","23","Seattle-10th & Weller","23","96.0000","42602","Nitrogen dioxide (NO2)","599","42660","Seattle-Tacoma-Bellevue, WA","53","Washington","033","King","47.597222","-122.319722"
"08/28/2019","AQS","530330030","1","41","ppb","39","Seattle-10th & Weller","23","96.0000","42602","Nitrogen dioxide (NO2)","599","42660","Seattle-Tacoma-Bellevue, WA","53","Washington","033","King","47.597222","-122.319722"
"08/29/2019","AQS","530330030","1","34.8","ppb","32","Seattle-10th & Weller","23","96.0000","42602","Nitrogen dioxide (NO2)","599","42660","Seattle-Tacoma-Bellevue, WA","53","Washington","033","King","47.597222","-122.319722"
"08/30/2019","AQS","530330030","1","36.8","ppb","34","Seattle-10th & Weller","24","100.0000","42602","Nitrogen dioxide (NO2)","599","42660","Seattle-Tacoma-Bellevue, WA","53","Washington","033","King","47.597222","-122.319722"
"08/31/2019","AQS","530330030","1","30.8","ppb","28","Seattle-10th & Weller","23","96.0000","42602","Nitrogen dioxide (NO2)","599","42660","Seattle-Tacoma-Bellevue, WA","53","Washington","033","King","47.597222","-122.319722"
"09/01/2019","AQS","530330030","1","25.3","ppb","24","Seattle-10th & Weller","23","96.0000","42602","Nitrogen dioxide (NO2)","599","42660","Seattle-Tacoma-Bellevue, WA","53","Washington","033","King","47.597222","-122.319722"
"09/02/2019","AQS","530330030","1","32.5","ppb","30","Seattle-10th & Weller","23","96.0000","42602","Nitrogen dioxide (NO2)","599","42660","Seattle-Tacoma-Bellevue, WA","53","Washington","033","King","47.597222","-122.319722"
"09/03/2019","AQS","530330030","1","37.3","ppb","35","Seattle-10th & Weller","23","96.0000","42602","Nitrogen dioxide (NO2)","599","42660","Seattle-Tacoma-Bellevue, WA","53","Washington","033","King","47.597222","-122.319722"
"09/04/2019","AQS","530330030","1","32.8","ppb","30","Seattle-10th & Weller","23","96.0000","42602","Nitrogen dioxide (NO2)","599","42660","Seattle-Tacoma-Bellevue, WA","53","Washington","033","King","47.597222","-122.319722"
"09/05/2019","AQS","530330030","1","44.9","ppb","42","Seattle-10th & Weller","23","96.0000","42602","Nitrogen dioxide (NO2)","599","42660","Seattle-Tacoma-Bellevue, WA","53","Washington","033","King","47.597222","-122.319722"
"09/06/2019","AQS","530330030","1","43.6","ppb","41","Seattle-10th & Weller","24","100.0000","42602","Nitrogen dioxide (NO2)","599","42660","Seattle-Tacoma-Bellevue, WA","53","Washington","033","King","47.597222","-122.319722"
"09/07/2019","AQS","530330030","1","25","ppb","24","Seattle-10th & Weller","23","96.0000","42602","Nitrogen dioxide (NO2)","599","42660","Seattle-Tacoma-Bellevue, WA","53","Washington","033","King","47.597222","-122.319722"
"09/08/2019","AQS","530330030","1","20.3","ppb","19","Seattle-10th & Weller","23","96.0000","42602","Nitrogen dioxide (NO2)","599","42660","Seattle-Tacoma-Bellevue, WA","53","Washington","033","King","47.597222","-122.319722"
"09/09/2019","AQS","530330030","1","26.4","ppb","25","Seattle-10th & Weller","21","88.0000","42602","Nitrogen dioxide (NO2)","599","42660","Seattle-Tacoma-Bellevue, WA","53","Washington","033","King","47.597222","-122.319722"
"09/10/2019","AQS","530330030","1","32.7","ppb","30","Seattle-10th & Weller","22","92.0000","42602","Nitrogen dioxide (NO2)","599","42660","Seattle-Tacoma-Bellevue, WA","53","Washington","033","King","47.597222","-122.319722"
"09/11/2019","AQS","530330030","1","33.4","ppb","31","Seattle-10th & Weller","19","79.0000","42602","Nitrogen dioxide (NO2)","599","42660","Seattle-Tacoma-Bellevue, WA","53","Washington","033","King","47.597222","-122.319722"
"09/12/2019","AQS","530330030","1","28.6","ppb","26","Seattle-10th & Weller","22","92.0000","42602","Nitrogen dioxide (NO2)","599","42660","Seattle-Tacoma-Bellevue, WA","53","Washington","033","King","47.597222","-122.319722"
"09/13/2019","AQS","530330030","1","23.4","ppb","22","Seattle-10th & Weller","24","100.0000","42602","Nitrogen dioxide (NO2)","599","42660","Seattle-Tacoma-Bellevue, WA","53","Washington","033","King","47.597222","-122.319722"
"09/14/2019","AQS","530330030","1","22.1","ppb","21","Seattle-10th & Weller","23","96.0000","42602","Nitrogen dioxide (NO2)","599","42660","Seattle-Tacoma-Bellevue, WA","53","Washington","033","King","47.597222","-122.319722"
"09/15/2019","AQS","530330030","1","17.2","ppb","16","Seattle-10th & Weller","23","96.0000","42602","Nitrogen dioxide (NO2)","599","42660","Seattle-Tacoma-Bellevue, WA","53","Washington","033","King","47.597222","-122.319722"
"09/16/2019","AQS","530330030","1","30.4","ppb","28","Seattle-10th & Weller","23","96.0000","42602","Nitrogen dioxide (NO2)","599","42660","Seattle-Tacoma-Bellevue, WA","53","Washington","033","King","47.597222","-122.319722"
"09/17/2019","AQS","530330030","1","19.3","ppb","18","Seattle-10th & Weller","22","92.0000","42602","Nitrogen dioxide (NO2)","599","42660","Seattle-Tacoma-Bellevue, WA","53","Washington","033","King","47.597222","-122.319722"
"09/19/2019","AQS","530330030","1","29","ppb","27","Seattle-10th & Weller","21","88.0000","42602","Nitrogen dioxide (NO2)","599","42660","Seattle-Tacoma-Bellevue, WA","53","Washington","033","King","47.597222","-122.319722"
"09/20/2019","AQS","530330030","1","28.8","ppb","26","Seattle-10th & Weller","22","92.0000","42602","Nitrogen dioxide (NO2)","599","42660","Seattle-Tacoma-Bellevue, WA","53","Washington","033","King","47.597222","-122.319722"
"09/21/2019","AQS","530330030","1","20.4","ppb","19","Seattle-10th & Weller","20","83.0000","42602","Nitrogen dioxide (NO2)","599","42660","Seattle-Tacoma-Bellevue, WA","53","Washington","033","King","47.597222","-122.319722"
"09/22/2019","AQS","530330030","1","22","ppb","21","Seattle-10th & Weller","22","92.0000","42602","Nitrogen dioxide (NO2)","599","42660","Seattle-Tacoma-Bellevue, WA","53","Washington","033","King","47.597222","-122.319722"
"09/23/2019","AQS","530330030","1","27.4","ppb","25","Seattle-10th & Weller","23","96.0000","42602","Nitrogen dioxide (NO2)","599","42660","Seattle-Tacoma-Bellevue, WA","53","Washington","033","King","47.597222","-122.319722"
"09/24/2019","AQS","530330030","1","33.2","ppb","31","Seattle-10th & Weller","23","96.0000","42602","Nitrogen dioxide (NO2)","599","42660","Seattle-Tacoma-Bellevue, WA","53","Washington","033","King","47.597222","-122.319722"
"09/25/2019","AQS","530330030","1","29.7","ppb","27","Seattle-10th & Weller","22","92.0000","42602","Nitrogen dioxide (NO2)","599","42660","Seattle-Tacoma-Bellevue, WA","53","Washington","033","King","47.597222","-122.319722"
"09/26/2019","AQS","530330030","1","31.7","ppb","29","Seattle-10th & Weller","20","83.0000","42602","Nitrogen dioxide (NO2)","599","42660","Seattle-Tacoma-Bellevue, WA","53","Washington","033","King","47.597222","-122.319722"
"09/27/2019","AQS","530330030","1","33.2","ppb","31","Seattle-10th & Weller","24","100.0000","42602","Nitrogen dioxide (NO2)","599","42660","Seattle-Tacoma-Bellevue, WA","53","Washington","033","King","47.597222","-122.319722"
"09/28/2019","AQS","530330030","1","12.6","ppb","11","Seattle-10th & Weller","23","96.0000","42602","Nitrogen dioxide (NO2)","599","42660","Seattle-Tacoma-Bellevue, WA","53","Washington","033","King","47.597222","-122.319722"
"09/29/2019","AQS","530330030","1","18.8","ppb","17","Seattle-10th & Weller","23","96.0000","42602","Nitrogen dioxide (NO2)","599","42660","Seattle-Tacoma-Bellevue, WA","53","Washington","033","King","47.597222","-122.319722"
"09/30/2019","AQS","530330030","1","24.6","ppb","23","Seattle-10th & Weller","23","96.0000","42602","Nitrogen dioxide (NO2)","599","42660","Seattle-Tacoma-Bellevue, WA","53","Washington","033","King","47.597222","-122.319722"
"10/01/2019","AQS","530330030","1","30.8","ppb","28","Seattle-10th & Weller","20","83.0000","42602","Nitrogen dioxide (NO2)","599","42660","Seattle-Tacoma-Bellevue, WA","53","Washington","033","King","47.597222","-122.319722"
"10/02/2019","AQS","530330030","1","34.3","ppb","32","Seattle-10th & Weller","23","96.0000","42602","Nitrogen dioxide (NO2)","599","42660","Seattle-Tacoma-Bellevue, WA","53","Washington","033","King","47.597222","-122.319722"
"10/04/2019","AQS","530330030","1","26.7","ppb","25","Seattle-10th & Weller","24","100.0000","42602","Nitrogen dioxide (NO2)","599","42660","Seattle-Tacoma-Bellevue, WA","53","Washington","033","King","47.597222","-122.319722"
"10/05/2019","AQS","530330030","1","22.1","ppb","21","Seattle-10th & Weller","23","96.0000","42602","Nitrogen dioxide (NO2)","599","42660","Seattle-Tacoma-Bellevue, WA","53","Washington","033","King","47.597222","-122.319722"
"10/06/2019","AQS","530330030","1","24.3","ppb","23","Seattle-10th & Weller","22","92.0000","42602","Nitrogen dioxide (NO2)","599","42660","Seattle-Tacoma-Bellevue, WA","53","Washington","033","King","47.597222","-122.319722"
"10/08/2019","AQS","530330030","1","27.4","ppb","25","Seattle-10th & Weller","23","96.0000","42602","Nitrogen dioxide (NO2)","599","42660","Seattle-Tacoma-Bellevue, WA","53","Washington","033","King","47.597222","-122.319722"
"10/09/2019","AQS","530330030","1","20.1","ppb","19","Seattle-10th & Weller","23","96.0000","42602","Nitrogen dioxide (NO2)","599","42660","Seattle-Tacoma-Bellevue, WA","53","Washington","033","King","47.597222","-122.319722"
"10/10/2019","AQS","530330030","1","18.1","ppb","17","Seattle-10th & Weller","23","96.0000","42602","Nitrogen dioxide (NO2)","599","42660","Seattle-Tacoma-Bellevue, WA","53","Washington","033","King","47.597222","-122.319722"
"10/11/2019","AQS","530330030","1","43.9","ppb","41","Seattle-10th & Weller","24","100.0000","42602","Nitrogen dioxide (NO2)","599","42660","Seattle-Tacoma-Bellevue, WA","53","Washington","033","King","47.597222","-122.319722"
"10/12/2019","AQS","530330030","1","29.5","ppb","27","Seattle-10th & Weller","23","96.0000","42602","Nitrogen dioxide (NO2)","599","42660","Seattle-Tacoma-Bellevue, WA","53","Washington","033","King","47.597222","-122.319722"
"10/13/2019","AQS","530330030","1","33.8","ppb","31","Seattle-10th & Weller","23","96.0000","42602","Nitrogen dioxide (NO2)","599","42660","Seattle-Tacoma-Bellevue, WA","53","Washington","033","King","47.597222","-122.319722"
"10/14/2019","AQS","530330030","1","39.7","ppb","37","Seattle-10th & Weller","23","96.0000","42602","Nitrogen dioxide (NO2)","599","42660","Seattle-Tacoma-Bellevue, WA","53","Washington","033","King","47.597222","-122.319722"
"10/15/2019","AQS","530330030","1","37.4","ppb","35","Seattle-10th & Weller","23","96.0000","42602","Nitrogen dioxide (NO2)","599","42660","Seattle-Tacoma-Bellevue, WA","53","Washington","033","King","47.597222","-122.319722"
"10/16/2019","AQS","530330030","1","37.3","ppb","35","Seattle-10th & Weller","22","92.0000","42602","Nitrogen dioxide (NO2)","599","42660","Seattle-Tacoma-Bellevue, WA","53","Washington","033","King","47.597222","-122.319722"
"10/17/2019","AQS","530330030","1","29.2","ppb","27","Seattle-10th & Weller","21","88.0000","42602","Nitrogen dioxide (NO2)","599","42660","Seattle-Tacoma-Bellevue, WA","53","Washington","033","King","47.597222","-122.319722"
"10/18/2019","AQS","530330030","1","30.4","ppb","28","Seattle-10th & Weller","24","100.0000","42602","Nitrogen dioxide (NO2)","599","42660","Seattle-Tacoma-Bellevue, WA","53","Washington","033","King","47.597222","-122.319722"
"10/19/2019","AQS","530330030","1","24.4","ppb","23","Seattle-10th & Weller","23","96.0000","42602","Nitrogen dioxide (NO2)","599","42660","Seattle-Tacoma-Bellevue, WA","53","Washington","033","King","47.597222","-122.319722"
"10/20/2019","AQS","530330030","1","23.4","ppb","22","Seattle-10th & Weller","23","96.0000","42602","Nitrogen dioxide (NO2)","599","42660","Seattle-Tacoma-Bellevue, WA","53","Washington","033","King","47.597222","-122.319722"
"10/21/2019","AQS","530330030","1","31.7","ppb","29","Seattle-10th & Weller","23","96.0000","42602","Nitrogen dioxide (NO2)","599","42660","Seattle-Tacoma-Bellevue, WA","53","Washington","033","King","47.597222","-122.319722"
"10/22/2019","AQS","530330030","1","28","ppb","26","Seattle-10th & Weller","23","96.0000","42602","Nitrogen dioxide (NO2)","599","42660","Seattle-Tacoma-Bellevue, WA","53","Washington","033","King","47.597222","-122.319722"
"10/23/2019","AQS","530330030","1","20.2","ppb","19","Seattle-10th & Weller","23","96.0000","42602","Nitrogen dioxide (NO2)","599","42660","Seattle-Tacoma-Bellevue, WA","53","Washington","033","King","47.597222","-122.319722"
"10/24/2019","AQS","530330030","1","33.4","ppb","31","Seattle-10th & Weller","23","96.0000","42602","Nitrogen dioxide (NO2)","599","42660","Seattle-Tacoma-Bellevue, WA","53","Washington","033","King","47.597222","-122.319722"
"10/25/2019","AQS","530330030","1","26.5","ppb","25","Seattle-10th & Weller","24","100.0000","42602","Nitrogen dioxide (NO2)","599","42660","Seattle-Tacoma-Bellevue, WA","53","Washington","033","King","47.597222","-122.319722"
"10/26/2019","AQS","530330030","1","31.3","ppb","29","Seattle-10th & Weller","23","96.0000","42602","Nitrogen dioxide (NO2)","599","42660","Seattle-Tacoma-Bellevue, WA","53","Washington","033","King","47.597222","-122.319722"
"10/27/2019","AQS","530330030","1","24.5","ppb","23","Seattle-10th & Weller","23","96.0000","42602","Nitrogen dioxide (NO2)","599","42660","Seattle-Tacoma-Bellevue, WA","53","Washington","033","King","47.597222","-122.319722"
"10/28/2019","AQS","530330030","1","24.2","ppb","23","Seattle-10th & Weller","23","96.0000","42602","Nitrogen dioxide (NO2)","599","42660","Seattle-Tacoma-Bellevue, WA","53","Washington","033","King","47.597222","-122.319722"
"10/29/2019","AQS","530330030","1","33.9","ppb","31","Seattle-10th & Weller","23","96.0000","42602","Nitrogen dioxide (NO2)","599","42660","Seattle-Tacoma-Bellevue, WA","53","Washington","033","King","47.597222","-122.319722"
"10/30/2019","AQS","530330030","1","28.4","ppb","26","Seattle-10th & Weller","23","96.0000","42602","Nitrogen dioxide (NO2)","599","42660","Seattle-Tacoma-Bellevue, WA","53","Washington","033","King","47.597222","-122.319722"
"10/31/2019","AQS","530330030","1","37.5","ppb","35","Seattle-10th & Weller","23","96.0000","42602","Nitrogen dioxide (NO2)","599","42660","Seattle-Tacoma-Bellevue, WA","53","Washington","033","King","47.597222","-122.319722"
"11/01/2019","AQS","530330030","1","24","ppb","23","Seattle-10th & Weller","24","100.0000","42602","Nitrogen dioxide (NO2)","599","42660","Seattle-Tacoma-Bellevue, WA","53","Washington","033","King","47.597222","-122.319722"
"11/02/2019","AQS","530330030","1","29.7","ppb","27","Seattle-10th & Weller","23","96.0000","42602","Nitrogen dioxide (NO2)","599","42660","Seattle-Tacoma-Bellevue, WA","53","Washington","033","King","47.597222","-122.319722"
"11/03/2019","AQS","530330030","1","19.9","ppb","18","Seattle-10th & Weller","23","96.0000","42602","Nitrogen dioxide (NO2)","599","42660","Seattle-Tacoma-Bellevue, WA","53","Washington","033","King","47.597222","-122.319722"
"11/04/2019","AQS","530330030","1","28.7","ppb","26","Seattle-10th & Weller","23","96.0000","42602","Nitrogen dioxide (NO2)","599","42660","Seattle-Tacoma-Bellevue, WA","53","Washington","033","King","47.597222","-122.319722"
"11/05/2019","AQS","530330030","1","24.3","ppb","23","Seattle-10th & Weller","23","96.0000","42602","Nitrogen dioxide (NO2)","599","42660","Seattle-Tacoma-Bellevue, WA","53","Washington","033","King","47.597222","-122.319722"
"11/06/2019","AQS","530330030","1","22.2","ppb","21","Seattle-10th & Weller","23","96.0000","42602","Nitrogen dioxide (NO2)","599","42660","Seattle-Tacoma-Bellevue, WA","53","Washington","033","King","47.597222","-122.319722"
"11/07/2019","AQS","530330030","1","35.9","ppb","33","Seattle-10th & Weller","23","96.0000","42602","Nitrogen dioxide (NO2)","599","42660","Seattle-Tacoma-Bellevue, WA","53","Washington","033","King","47.597222","-122.319722"
"11/08/2019","AQS","530330030","1","38.2","ppb","36","Seattle-10th & Weller","24","100.0000","42602","Nitrogen dioxide (NO2)","599","42660","Seattle-Tacoma-Bellevue, WA","53","Washington","033","King","47.597222","-122.319722"
"11/09/2019","AQS","530330030","1","19","ppb","18","Seattle-10th & Weller","23","96.0000","42602","Nitrogen dioxide (NO2)","599","42660","Seattle-Tacoma-Bellevue, WA","53","Washington","033","King","47.597222","-122.319722"
"11/10/2019","AQS","530330030","1","18.8","ppb","17","Seattle-10th & Weller","23","96.0000","42602","Nitrogen dioxide (NO2)","599","42660","Seattle-Tacoma-Bellevue, WA","53","Washington","033","King","47.597222","-122.319722"
"11/11/2019","AQS","530330030","1","29.7","ppb","27","Seattle-10th & Weller","23","96.0000","42602","Nitrogen dioxide (NO2)","599","42660","Seattle-Tacoma-Bellevue, WA","53","Washington","033","King","47.597222","-122.319722"
"11/12/2019","AQS","530330030","1","31.1","ppb","29","Seattle-10th & Weller","23","96.0000","42602","Nitrogen dioxide (NO2)","599","42660","Seattle-Tacoma-Bellevue, WA","53","Washington","033","King","47.597222","-122.319722"
"11/13/2019","AQS","530330030","1","19.6","ppb","18","Seattle-10th & Weller","23","96.0000","42602","Nitrogen dioxide (NO2)","599","42660","Seattle-Tacoma-Bellevue, WA","53","Washington","033","King","47.597222","-122.319722"
"11/14/2019","AQS","530330030","1","28.6","ppb","26","Seattle-10th & Weller","23","96.0000","42602","Nitrogen dioxide (NO2)","599","42660","Seattle-Tacoma-Bellevue, WA","53","Washington","033","King","47.597222","-122.319722"
"11/15/2019","AQS","530330030","1","28","ppb","26","Seattle-10th & Weller","24","100.0000","42602","Nitrogen dioxide (NO2)","599","42660","Seattle-Tacoma-Bellevue, WA","53","Washington","033","King","47.597222","-122.319722"
"11/16/2019","AQS","530330030","1","23.9","ppb","22","Seattle-10th & Weller","23","96.0000","42602","Nitrogen dioxide (NO2)","599","42660","Seattle-Tacoma-Bellevue, WA","53","Washington","033","King","47.597222","-122.319722"
"11/17/2019","AQS","530330030","1","24.4","ppb","23","Seattle-10th & Weller","23","96.0000","42602","Nitrogen dioxide (NO2)","599","42660","Seattle-Tacoma-Bellevue, WA","53","Washington","033","King","47.597222","-122.319722"
"11/18/2019","AQS","530330030","1","26.9","ppb","25","Seattle-10th & Weller","23","96.0000","42602","Nitrogen dioxide (NO2)","599","42660","Seattle-Tacoma-Bellevue, WA","53","Washington","033","King","47.597222","-122.319722"
"11/19/2019","AQS","530330030","1","39.8","ppb","37","Seattle-10th & Weller","23","96.0000","42602","Nitrogen dioxide (NO2)","599","42660","Seattle-Tacoma-Bellevue, WA","53","Washington","033","King","47.597222","-122.319722"
"11/20/2019","AQS","530330030","1","25.6","ppb","24","Seattle-10th & Weller","23","96.0000","42602","Nitrogen dioxide (NO2)","599","42660","Seattle-Tacoma-Bellevue, WA","53","Washington","033","King","47.597222","-122.319722"
"11/21/2019","AQS","530330030","1","31.8","ppb","29","Seattle-10th & Weller","23","96.0000","42602","Nitrogen dioxide (NO2)","599","42660","Seattle-Tacoma-Bellevue, WA","53","Washington","033","King","47.597222","-122.319722"
"11/22/2019","AQS","530330030","1","28.8","ppb","26","Seattle-10th & Weller","24","100.0000","42602","Nitrogen dioxide (NO2)","599","42660","Seattle-Tacoma-Bellevue, WA","53","Washington","033","King","47.597222","-122.319722"
"11/23/2019","AQS","530330030","1","20.5","ppb","19","Seattle-10th & Weller","23","96.0000","42602","Nitrogen dioxide (NO2)","599","42660","Seattle-Tacoma-Bellevue, WA","53","Washington","033","King","47.597222","-122.319722"
"11/24/2019","AQS","530330030","1","27.9","ppb","25","Seattle-10th & Weller","23","96.0000","42602","Nitrogen dioxide (NO2)","599","42660","Seattle-Tacoma-Bellevue, WA","53","Washington","033","King","47.597222","-122.319722"
"11/25/2019","AQS","530330030","1","32.1","ppb","30","Seattle-10th & Weller","23","96.0000","42602","Nitrogen dioxide (NO2)","599","42660","Seattle-Tacoma-Bellevue, WA","53","Washington","033","King","47.597222","-122.319722"
"11/26/2019","AQS","530330030","1","23","ppb","22","Seattle-10th & Weller","23","96.0000","42602","Nitrogen dioxide (NO2)","599","42660","Seattle-Tacoma-Bellevue, WA","53","Washington","033","King","47.597222","-122.319722"
"11/27/2019","AQS","530330030","1","23.5","ppb","22","Seattle-10th & Weller","23","96.0000","42602","Nitrogen dioxide (NO2)","599","42660","Seattle-Tacoma-Bellevue, WA","53","Washington","033","King","47.597222","-122.319722"
"11/28/2019","AQS","530330030","1","17.6","ppb","16","Seattle-10th & Weller","23","96.0000","42602","Nitrogen dioxide (NO2)","599","42660","Seattle-Tacoma-Bellevue, WA","53","Washington","033","King","47.597222","-122.319722"
"11/29/2019","AQS","530330030","1","27.6","ppb","25","Seattle-10th & Weller","24","100.0000","42602","Nitrogen dioxide (NO2)","599","42660","Seattle-Tacoma-Bellevue, WA","53","Washington","033","King","47.597222","-122.319722"
"11/30/2019","AQS","530330030","1","27.4","ppb","25","Seattle-10th & Weller","23","96.0000","42602","Nitrogen dioxide (NO2)","599","42660","Seattle-Tacoma-Bellevue, WA","53","Washington","033","King","47.597222","-122.319722"
"12/01/2019","AQS","530330030","1","37.5","ppb","35","Seattle-10th & Weller","23","96.0000","42602","Nitrogen dioxide (NO2)","599","42660","Seattle-Tacoma-Bellevue, WA","53","Washington","033","King","47.597222","-122.319722"
"12/02/2019","AQS","530330030","1","39.5","ppb","37","Seattle-10th & Weller","23","96.0000","42602","Nitrogen dioxide (NO2)","599","42660","Seattle-Tacoma-Bellevue, WA","53","Washington","033","King","47.597222","-122.319722"
"12/03/2019","AQS","530330030","1","32.1","ppb","30","Seattle-10th & Weller","23","96.0000","42602","Nitrogen dioxide (NO2)","599","42660","Seattle-Tacoma-Bellevue, WA","53","Washington","033","King","47.597222","-122.319722"
"12/04/2019","AQS","530330030","1","37","ppb","35","Seattle-10th & Weller","23","96.0000","42602","Nitrogen dioxide (NO2)","599","42660","Seattle-Tacoma-Bellevue, WA","53","Washington","033","King","47.597222","-122.319722"
"12/05/2019","AQS","530330030","1","29.1","ppb","27","Seattle-10th & Weller","23","96.0000","42602","Nitrogen dioxide (NO2)","599","42660","Seattle-Tacoma-Bellevue, WA","53","Washington","033","King","47.597222","-122.319722"
"12/06/2019","AQS","530330030","1","32.2","ppb","30","Seattle-10th & Weller","24","100.0000","42602","Nitrogen dioxide (NO2)","599","42660","Seattle-Tacoma-Bellevue, WA","53","Washington","033","King","47.597222","-122.319722"
"12/07/2019","AQS","530330030","1","24.8","ppb","23","Seattle-10th & Weller","23","96.0000","42602","Nitrogen dioxide (NO2)","599","42660","Seattle-Tacoma-Bellevue, WA","53","Washington","033","King","47.597222","-122.319722"
"12/08/2019","AQS","530330030","1","19.6","ppb","18","Seattle-10th & Weller","23","96.0000","42602","Nitrogen dioxide (NO2)","599","42660","Seattle-Tacoma-Bellevue, WA","53","Washington","033","King","47.597222","-122.319722"
"12/09/2019","AQS","530330030","1","19.7","ppb","18","Seattle-10th & Weller","22","92.0000","42602","Nitrogen dioxide (NO2)","599","42660","Seattle-Tacoma-Bellevue, WA","53","Washington","033","King","47.597222","-122.319722"
"12/10/2019","AQS","530330030","1","21.4","ppb","20","Seattle-10th & Weller","23","96.0000","42602","Nitrogen dioxide (NO2)","599","42660","Seattle-Tacoma-Bellevue, WA","53","Washington","033","King","47.597222","-122.319722"
"12/11/2019","AQS","530330030","1","28","ppb","26","Seattle-10th & Weller","23","96.0000","42602","Nitrogen dioxide (NO2)","599","42660","Seattle-Tacoma-Bellevue, WA","53","Washington","033","King","47.597222","-122.319722"
"12/12/2019","AQS","530330030","1","40.2","ppb","38","Seattle-10th & Weller","23","96.0000","42602","Nitrogen dioxide (NO2)","599","42660","Seattle-Tacoma-Bellevue, WA","53","Washington","033","King","47.597222","-122.319722"
"12/13/2019","AQS","530330030","1","39.4","ppb","37","Seattle-10th & Weller","24","100.0000","42602","Nitrogen dioxide (NO2)","599","42660","Seattle-Tacoma-Bellevue, WA","53","Washington","033","King","47.597222","-122.319722"
"12/14/2019","AQS","530330030","1","29.4","ppb","27","Seattle-10th & Weller","23","96.0000","42602","Nitrogen dioxide (NO2)","599","42660","Seattle-Tacoma-Bellevue, WA","53","Washington","033","King","47.597222","-122.319722"
"12/15/2019","AQS","530330030","1","26.8","ppb","25","Seattle-10th & Weller","23","96.0000","42602","Nitrogen dioxide (NO2)","599","42660","Seattle-Tacoma-Bellevue, WA","53","Washington","033","King","47.597222","-122.319722"
"12/16/2019","AQS","530330030","1","34.9","ppb","32","Seattle-10th & Weller","23","96.0000","42602","Nitrogen dioxide (NO2)","599","42660","Seattle-Tacoma-Bellevue, WA","53","Washington","033","King","47.597222","-122.319722"
"12/17/2019","AQS","530330030","1","44.6","ppb","42","Seattle-10th & Weller","23","96.0000","42602","Nitrogen dioxide (NO2)","599","42660","Seattle-Tacoma-Bellevue, WA","53","Washington","033","King","47.597222","-122.319722"
"12/18/2019","AQS","530330030","1","48.3","ppb","45","Seattle-10th & Weller","23","96.0000","42602","Nitrogen dioxide (NO2)","599","42660","Seattle-Tacoma-Bellevue, WA","53","Washington","033","King","47.597222","-122.319722"
"12/19/2019","AQS","530330030","1","30.9","ppb","28","Seattle-10th & Weller","22","92.0000","42602","Nitrogen dioxide (NO2)","599","42660","Seattle-Tacoma-Bellevue, WA","53","Washington","033","King","47.597222","-122.319722"
"12/20/2019","AQS","530330030","1","57.3","ppb","54","Seattle-10th & Weller","24","100.0000","42602","Nitrogen dioxide (NO2)","599","42660","Seattle-Tacoma-Bellevue, WA","53","Washington","033","King","47.597222","-122.319722"
"12/21/2019","AQS","530330030","1","19.7","ppb","18","Seattle-10th & Weller","23","96.0000","42602","Nitrogen dioxide (NO2)","599","42660","Seattle-Tacoma-Bellevue, WA","53","Washington","033","King","47.597222","-122.319722"
"12/22/2019","AQS","530330030","1","16.9","ppb","15","Seattle-10th & Weller","23","96.0000","42602","Nitrogen dioxide (NO2)","599","42660","Seattle-Tacoma-Bellevue, WA","53","Washington","033","King","47.597222","-122.319722"
"12/23/2019","AQS","530330030","1","26.1","ppb","25","Seattle-10th & Weller","23","96.0000","42602","Nitrogen dioxide (NO2)","599","42660","Seattle-Tacoma-Bellevue, WA","53","Washington","033","King","47.597222","-122.319722"
"12/24/2019","AQS","530330030","1","29.5","ppb","27","Seattle-10th & Weller","21","88.0000","42602","Nitrogen dioxide (NO2)","599","42660","Seattle-Tacoma-Bellevue, WA","53","Washington","033","King","47.597222","-122.319722"
"12/25/2019","AQS","530330030","1","19.9","ppb","18","Seattle-10th & Weller","22","92.0000","42602","Nitrogen dioxide (NO2)","599","42660","Seattle-Tacoma-Bellevue, WA","53","Washington","033","King","47.597222","-122.319722"
"12/26/2019","AQS","530330030","1","27.5","ppb","25","Seattle-10th & Weller","23","96.0000","42602","Nitrogen dioxide (NO2)","599","42660","Seattle-Tacoma-Bellevue, WA","53","Washington","033","King","47.597222","-122.319722"
"12/27/2019","AQS","530330030","1","28.1","ppb","26","Seattle-10th & Weller","24","100.0000","42602","Nitrogen dioxide (NO2)","599","42660","Seattle-Tacoma-Bellevue, WA","53","Washington","033","King","47.597222","-122.319722"
"12/28/2019","AQS","530330030","1","24.1","ppb","23","Seattle-10th & Weller","23","96.0000","42602","Nitrogen dioxide (NO2)","599","42660","Seattle-Tacoma-Bellevue, WA","53","Washington","033","King","47.597222","-122.319722"
"12/29/2019","AQS","530330030","1","25.1","ppb","24","Seattle-10th & Weller","23","96.0000","42602","Nitrogen dioxide (NO2)","599","42660","Seattle-Tacoma-Bellevue, WA","53","Washington","033","King","47.597222","-122.319722"
"12/30/2019","AQS","530330030","1","24.3","ppb","23","Seattle-10th & Weller","23","96.0000","42602","Nitrogen dioxide (NO2)","599","42660","Seattle-Tacoma-Bellevue, WA","53","Washington","033","King","47.597222","-122.319722"
"12/31/2019","AQS","530330030","1","34.7","ppb","32","Seattle-10th & Weller","23","96.0000","42602","Nitrogen dioxide (NO2)","599","42660","Seattle-Tacoma-Bellevue, WA","53","Washington","033","King","47.597222","-122.319722"
